{"tp": {"mean": 0.69, "sd": 0.46249324319388707}, "fp": {"mean": 1.0, "sd": 0.9591663046625439}, "tn": {"mean": 4.0, "sd": 0.9591663046625439}, "fn": {"mean": 0.31, "sd": 0.462493243193887}, "precision": {"mean": 0.4, "sd": 0.35118845842842467}, "recall": {"mean": 0.69, "sd": 0.46249324319388707}, "f1_score": {"mean": 0.482, "sd": 0.36579958082717007}, "runtime": {"mean": 0.4296087741851807, "sd": 0.07476624845313426}}