{"tp": {"mean": 0.82, "sd": 0.38418745424597095}, "fp": {"mean": 1.24, "sd": 1.2499599993599797}, "tn": {"mean": 3.76, "sd": 1.2499599993599797}, "fn": {"mean": 0.18, "sd": 0.38418745424597095}, "precision": {"mean": 0.4971666666666667, "sd": 0.3669245683909554}, "recall": {"mean": 0.82, "sd": 0.38418745424597095}, "f1_score": {"mean": 0.5803809523809524, "sd": 0.35022459913785303}, "runtime": {"mean": 0.41240764379501343, "sd": 0.10724234170466591}}