{"tp": {"mean": 0.27, "sd": 0.44395945760846234}, "fp": {"mean": 0.19, "sd": 0.41701318923986097}, "tn": {"mean": 4.81, "sd": 0.41701318923986097}, "fn": {"mean": 0.73, "sd": 0.44395945760846234}, "precision": {"mean": 0.24, "sd": 0.40914545090957566}, "recall": {"mean": 0.27, "sd": 0.44395945760846234}, "f1_score": {"mean": 0.25, "sd": 0.4173328008516305}, "runtime": {"mean": 35.68406706571579, "sd": 0.41512779057229077}}