{"tp": {"mean": 0.49, "sd": 0.4998999899979995}, "fp": {"mean": 2.48, "sd": 1.1617228585166086}, "tn": {"mean": 2.52, "sd": 1.1617228585166086}, "fn": {"mean": 0.51, "sd": 0.4998999899979995}, "precision": {"mean": 0.16133333333333333, "sd": 0.19347523528003954}, "recall": {"mean": 0.49, "sd": 0.4998999899979995}, "f1_score": {"mean": 0.2352380952380952, "sd": 0.2599162607168586}, "runtime": {"mean": 0.0042233443260192875, "sd": 0.002219881337070015}}