{"variables": {"c0.a": {"parents": []}, "c1.a": {"parents": []}, "i0.a": {"parents": ["c0.a"]}}, "duration": 5.800000000000001, "runtime": 20.782535314559937}