{"variables": {"c0.a": {"parents": []}, "c1.a": {"parents": ["i0.a"]}, "i0.a": {"parents": []}}, "duration": 4.6000000000000005, "runtime": 20.80724549293518}