{"variables": {"c0.a": {"parents": []}, "c1.a": {"parents": []}, "i0.a": {"parents": ["c0.a", "i0.a"]}}, "duration": 4.1000000000000005, "runtime": 21.070269107818604}