{"variables": {"c0.a": {"parents": []}, "c1.a": {"parents": ["c1.a", "c0.a"]}, "i0.a": {"parents": []}}, "duration": 4.1000000000000005, "runtime": 20.90195894241333}