{"variables": {"c0.a": {"parents": []}, "c1.a": {"parents": []}, "i0.a": {"parents": []}}, "duration": 5.300000000000001, "runtime": 20.919389963150024}