{"tp": {"mean": 0.56, "sd": 0.4963869458396343}, "fp": {"mean": 1.86, "sd": 1.2411285187280163}, "tn": {"mean": 3.14, "sd": 1.2411285187280163}, "fn": {"mean": 0.44, "sd": 0.49638694583963433}, "precision": {"mean": 0.2565, "sd": 0.2987371103681481}, "recall": {"mean": 0.56, "sd": 0.4963869458396343}, "f1_score": {"mean": 0.3310476190476191, "sd": 0.33342684402648254}, "runtime": {"mean": 0.35879639625549314, "sd": 0.10724457882714038}}