{"tp": {"mean": 0.5, "sd": 0.5}, "fp": {"mean": 2.45, "sd": 1.2031209415515964}, "tn": {"mean": 2.55, "sd": 1.2031209415515964}, "fn": {"mean": 0.5, "sd": 0.5}, "precision": {"mean": 0.1638333333333333, "sd": 0.20247160294717872}, "recall": {"mean": 0.5, "sd": 0.5}, "f1_score": {"mean": 0.23723809523809522, "sd": 0.26091795045712796}, "runtime": {"mean": 0.004447159767150879, "sd": 0.002047547585738622}}