{"tp": {"mean": 0.27, "sd": 0.44395945760846234}, "fp": {"mean": 0.4, "sd": 0.6324555320336759}, "tn": {"mean": 4.6, "sd": 0.6324555320336759}, "fn": {"mean": 0.73, "sd": 0.44395945760846234}, "precision": {"mean": 0.2383333333333333, "sd": 0.40842175913304796}, "recall": {"mean": 0.27, "sd": 0.44395945760846234}, "f1_score": {"mean": 0.2483333333333333, "sd": 0.41599612711872425}, "runtime": {"mean": 36.999945254325866, "sd": 0.5789333340352815}}