{"tp": {"mean": 0.3, "sd": 0.45825756949558394}, "fp": {"mean": 0.26, "sd": 0.5219195340279956}, "tn": {"mean": 4.74, "sd": 0.5219195340279955}, "fn": {"mean": 0.7, "sd": 0.458257569495584}, "precision": {"mean": 0.2683333333333333, "sd": 0.42615529250888506}, "recall": {"mean": 0.3, "sd": 0.45825756949558394}, "f1_score": {"mean": 0.2783333333333334, "sd": 0.43272714009844326}, "runtime": {"mean": 37.59694164276123, "sd": 0.30320043212652387}}