{"tp": {"mean": 0.12, "sd": 0.32496153618543844}, "fp": {"mean": 0.17, "sd": 0.4013726448077896}, "tn": {"mean": 4.83, "sd": 0.40137264480778956}, "fn": {"mean": 0.88, "sd": 0.32496153618543844}, "precision": {"mean": 0.11, "sd": 0.3047950130825634}, "recall": {"mean": 0.12, "sd": 0.32496153618543844}, "f1_score": {"mean": 0.11333333333333333, "sd": 0.30991038131118565}, "runtime": {"mean": 35.67978091716766, "sd": 0.4950561556617815}}