{"tp": {"mean": 0.36, "sd": 0.48}, "fp": {"mean": 1.6, "sd": 1.077032961426901}, "tn": {"mean": 3.4, "sd": 1.077032961426901}, "fn": {"mean": 0.64, "sd": 0.48}, "precision": {"mean": 0.17733333333333334, "sd": 0.292342265161916}, "recall": {"mean": 0.36, "sd": 0.48}, "f1_score": {"mean": 0.22199999999999995, "sd": 0.32602726539014765}, "runtime": {"mean": 0.09548017978668213, "sd": 0.018056545770202055}}