{"tp": {"mean": 0.56, "sd": 0.4963869458396343}, "fp": {"mean": 2.42, "sd": 1.1417530380953669}, "tn": {"mean": 2.58, "sd": 1.1417530380953669}, "fn": {"mean": 0.44, "sd": 0.49638694583963433}, "precision": {"mean": 0.20499999999999996, "sd": 0.23505909422478802}, "recall": {"mean": 0.56, "sd": 0.4963869458396343}, "f1_score": {"mean": 0.28638095238095235, "sd": 0.2842079498011249}, "runtime": {"mean": 0.003977971076965332, "sd": 0.0021929497478937717}}