{"tp": {"mean": 0.01, "sd": 0.09949874371066199}, "fp": {"mean": 0.03, "sd": 0.1705872210923198}, "tn": {"mean": 4.97, "sd": 0.1705872210923198}, "fn": {"mean": 0.99, "sd": 0.09949874371066199}, "precision": {"mean": 0.01, "sd": 0.09949874371066199}, "recall": {"mean": 0.01, "sd": 0.09949874371066199}, "f1_score": {"mean": 0.01, "sd": 0.09949874371066199}, "runtime": {"mean": 35.74926501274109, "sd": 0.5063013411329674}}