{"tp": {"mean": 0.029850746268656716, "sd": 0.1701754365819609}, "fp": {"mean": 0.11940298507462686, "sd": 0.3242621042149318}, "tn": {"mean": 4.880597014925373, "sd": 0.32426210421493185}, "fn": {"mean": 0.9701492537313433, "sd": 0.17017543658196088}, "precision": {"mean": 0.029850746268656716, "sd": 0.1701754365819609}, "recall": {"mean": 0.029850746268656716, "sd": 0.1701754365819609}, "f1_score": {"mean": 0.029850746268656716, "sd": 0.1701754365819609}, "runtime": {"mean": 46.17502469091273, "sd": 0.4995781402875824}}