{"tp": {"mean": 0.52, "sd": 0.4995998398718718}, "fp": {"mean": 2.36, "sd": 1.1620671237067162}, "tn": {"mean": 2.64, "sd": 1.1620671237067162}, "fn": {"mean": 0.48, "sd": 0.4995998398718718}, "precision": {"mean": 0.18566666666666667, "sd": 0.22097033486169335}, "recall": {"mean": 0.52, "sd": 0.4995998398718718}, "f1_score": {"mean": 0.26304761904761903, "sd": 0.2763547294835688}, "runtime": {"mean": 0.004174580574035644, "sd": 0.0018789802459815803}}