{"tp": {"mean": 0.67, "sd": 0.47021271782034985}, "fp": {"mean": 2.43, "sd": 1.3360763451240352}, "tn": {"mean": 2.57, "sd": 1.3360763451240352}, "fn": {"mean": 0.33, "sd": 0.47021271782034985}, "precision": {"mean": 0.22233333333333327, "sd": 0.21201703285873572}, "recall": {"mean": 0.67, "sd": 0.47021271782034985}, "f1_score": {"mean": 0.32009523809523804, "sd": 0.2595806665546947}, "runtime": {"mean": 0.46331427097320554, "sd": 0.8900946826404178}}