{"tp": {"mean": 0.0, "sd": 0.0}, "fp": {"mean": 0.0, "sd": 0.0}, "tn": {"mean": 5.0, "sd": 0.0}, "fn": {"mean": 1.0, "sd": 0.0}, "precision": {"mean": 0.0, "sd": 0.0}, "recall": {"mean": 0.0, "sd": 0.0}, "f1_score": {"mean": 0.0, "sd": 0.0}, "runtime": {"mean": 0.0012717390060424806, "sd": 0.00013556348249547335}}