{"tp": {"mean": 0.16, "sd": 0.3666060555964672}, "fp": {"mean": 0.21, "sd": 0.4752893855326458}, "tn": {"mean": 4.79, "sd": 0.4752893855326458}, "fn": {"mean": 0.84, "sd": 0.36660605559646725}, "precision": {"mean": 0.14, "sd": 0.332264954516723}, "recall": {"mean": 0.16, "sd": 0.3666060555964672}, "f1_score": {"mean": 0.14666666666666667, "sd": 0.34097898273451793}, "runtime": {"mean": 35.930503137111664, "sd": 0.565617154892795}}