{"tp": {"mean": 0.76, "sd": 0.4270831300812525}, "fp": {"mean": 1.91, "sd": 1.209090567327361}, "tn": {"mean": 3.09, "sd": 1.209090567327361}, "fn": {"mean": 0.24, "sd": 0.4270831300812525}, "precision": {"mean": 0.3143333333333333, "sd": 0.257833063994688}, "recall": {"mean": 0.76, "sd": 0.4270831300812525}, "f1_score": {"mean": 0.4238571428571429, "sd": 0.28665756590521535}, "runtime": {"mean": 0.42637898921966555, "sd": 0.08509281967520178}}