{"tp": {"mean": 0.79, "sd": 0.4073082370883261}, "fp": {"mean": 2.0, "sd": 1.2409673645990857}, "tn": {"mean": 3.0, "sd": 1.2409673645990857}, "fn": {"mean": 0.21, "sd": 0.4073082370883261}, "precision": {"mean": 0.319, "sd": 0.2531690256637955}, "recall": {"mean": 0.79, "sd": 0.4073082370883261}, "f1_score": {"mean": 0.4320952380952381, "sd": 0.2777751092842346}, "runtime": {"mean": 0.4811447858810425, "sd": 0.1281210861075863}}