{"tp": {"mean": 0.15, "sd": 0.3570714214271425}, "fp": {"mean": 0.34, "sd": 0.5517245689653488}, "tn": {"mean": 4.66, "sd": 0.5517245689653488}, "fn": {"mean": 0.85, "sd": 0.3570714214271425}, "precision": {"mean": 0.14, "sd": 0.3397057550292606}, "recall": {"mean": 0.15, "sd": 0.3570714214271425}, "f1_score": {"mean": 0.1433333333333333, "sd": 0.34401227368285053}, "runtime": {"mean": 36.54366258859634, "sd": 0.6438748653614506}}