{"tp": {"mean": 0.03, "sd": 0.17058722109231983}, "fp": {"mean": 0.15, "sd": 0.3570714214271425}, "tn": {"mean": 4.85, "sd": 0.35707142142714254}, "fn": {"mean": 0.97, "sd": 0.17058722109231983}, "precision": {"mean": 0.03, "sd": 0.17058722109231983}, "recall": {"mean": 0.03, "sd": 0.17058722109231983}, "f1_score": {"mean": 0.03, "sd": 0.17058722109231983}, "runtime": {"mean": 36.09551168203354, "sd": 0.5387742612825083}}