{"tp": {"mean": 0.04477611940298507, "sd": 0.20681203672464207}, "fp": {"mean": 0.029850746268656716, "sd": 0.1701754365819609}, "tn": {"mean": 4.970149253731344, "sd": 0.1701754365819609}, "fn": {"mean": 0.9552238805970149, "sd": 0.20681203672464207}, "precision": {"mean": 0.04477611940298507, "sd": 0.20681203672464207}, "recall": {"mean": 0.04477611940298507, "sd": 0.20681203672464207}, "f1_score": {"mean": 0.04477611940298507, "sd": 0.20681203672464207}, "runtime": {"mean": 0.07869805862654501, "sd": 0.010162713470551157}}