{"tp": {"mean": 0.74, "sd": 0.4386342439892262}, "fp": {"mean": 1.34, "sd": 1.2101239605924679}, "tn": {"mean": 3.66, "sd": 1.2101239605924679}, "fn": {"mean": 0.26, "sd": 0.4386342439892262}, "precision": {"mean": 0.4195, "sd": 0.346274257072499}, "recall": {"mean": 0.74, "sd": 0.4386342439892262}, "f1_score": {"mean": 0.5070476190476191, "sd": 0.35380758827901004}, "runtime": {"mean": 0.6893522000312805, "sd": 3.0562286964403427}}