{"tp": {"mean": 0.13, "sd": 0.33630343441600474}, "fp": {"mean": 0.1, "sd": 0.3}, "tn": {"mean": 4.9, "sd": 0.3}, "fn": {"mean": 0.87, "sd": 0.33630343441600474}, "precision": {"mean": 0.125, "sd": 0.3269174207655505}, "recall": {"mean": 0.13, "sd": 0.33630343441600474}, "f1_score": {"mean": 0.12666666666666665, "sd": 0.3292415526630866}, "runtime": {"mean": 36.24582290172577, "sd": 0.554662938430199}}