{"tp": {"mean": 0.18, "sd": 0.384187454245971}, "fp": {"mean": 0.59, "sd": 0.7495998932764065}, "tn": {"mean": 4.41, "sd": 0.7495998932764064}, "fn": {"mean": 0.82, "sd": 0.38418745424597095}, "precision": {"mean": 0.15, "sd": 0.33541019662496846}, "recall": {"mean": 0.18, "sd": 0.384187454245971}, "f1_score": {"mean": 0.16, "sd": 0.34794635601866375}, "runtime": {"mean": 35.28495496988297, "sd": 0.37840213775183185}}