{"tp": {"mean": 0.54, "sd": 0.49839743177508444}, "fp": {"mean": 2.56, "sd": 1.160344776348823}, "tn": {"mean": 2.44, "sd": 1.160344776348823}, "fn": {"mean": 0.46, "sd": 0.49839743177508444}, "precision": {"mean": 0.17633333333333334, "sd": 0.20188252909936402}, "recall": {"mean": 0.54, "sd": 0.49839743177508444}, "f1_score": {"mean": 0.2561904761904762, "sd": 0.26047923738097817}, "runtime": {"mean": 0.005367810726165771, "sd": 0.00018398380298758254}}