{"tp": {"mean": 0.45, "sd": 0.49749371855331004}, "fp": {"mean": 0.29, "sd": 0.5530822723609933}, "tn": {"mean": 4.71, "sd": 0.5530822723609933}, "fn": {"mean": 0.55, "sd": 0.49749371855331}, "precision": {"mean": 0.39166666666666666, "sd": 0.463306354130588}, "recall": {"mean": 0.45, "sd": 0.49749371855331004}, "f1_score": {"mean": 0.40833333333333327, "sd": 0.46688982759438136}, "runtime": {"mean": 36.83050541639328, "sd": 0.46114664579030884}}