{"tp": {"mean": 0.65, "sd": 0.4769696007084728}, "fp": {"mean": 2.98, "sd": 1.2647529403009903}, "tn": {"mean": 2.02, "sd": 1.2647529403009903}, "fn": {"mean": 0.35, "sd": 0.4769696007084728}, "precision": {"mean": 0.20016666666666666, "sd": 0.19785649962648297}, "recall": {"mean": 0.65, "sd": 0.4769696007084728}, "f1_score": {"mean": 0.29347619047619045, "sd": 0.24971698719980007}, "runtime": {"mean": 0.3049586653709412, "sd": 0.030218755960914334}}