{"tp": {"mean": 0.36, "sd": 0.48}, "fp": {"mean": 1.66, "sd": 0.9921693403849969}, "tn": {"mean": 3.34, "sd": 0.9921693403849969}, "fn": {"mean": 0.64, "sd": 0.48}, "precision": {"mean": 0.17066666666666666, "sd": 0.25928448554521044}, "recall": {"mean": 0.36, "sd": 0.48}, "f1_score": {"mean": 0.22333333333333333, "sd": 0.3137762826530322}, "runtime": {"mean": 31.2144482421875, "sd": 0.4237665696528288}}