{"tp": {"mean": 0.65, "sd": 0.47696960070847283}, "fp": {"mean": 2.71, "sd": 1.5575300960174092}, "tn": {"mean": 2.29, "sd": 1.5575300960174092}, "fn": {"mean": 0.35, "sd": 0.47696960070847283}, "precision": {"mean": 0.21166666666666667, "sd": 0.23570815287837063}, "recall": {"mean": 0.65, "sd": 0.47696960070847283}, "f1_score": {"mean": 0.2986666666666667, "sd": 0.2693227249207355}, "runtime": {"mean": 1.1354272055625916, "sd": 7.826356105676536}}