{"tp": {"mean": 0.62, "sd": 0.48538644398046393}, "fp": {"mean": 1.67, "sd": 1.1493911431710269}, "tn": {"mean": 3.33, "sd": 1.1493911431710269}, "fn": {"mean": 0.38, "sd": 0.48538644398046393}, "precision": {"mean": 0.278, "sd": 0.2879706775196237}, "recall": {"mean": 0.62, "sd": 0.48538644398046393}, "f1_score": {"mean": 0.36371428571428566, "sd": 0.3252180709167214}, "runtime": {"mean": 0.3378117561340332, "sd": 0.06061009688997737}}