{"tp": {"mean": 0.58, "sd": 0.49355850717012273}, "fp": {"mean": 1.54, "sd": 1.22}, "tn": {"mean": 3.46, "sd": 1.22}, "fn": {"mean": 0.42, "sd": 0.49355850717012273}, "precision": {"mean": 0.2673333333333333, "sd": 0.29585018731333157}, "recall": {"mean": 0.58, "sd": 0.49355850717012273}, "f1_score": {"mean": 0.3466666666666666, "sd": 0.3312266763277244}, "runtime": {"mean": 0.34222307443618777, "sd": 0.07064925688435963}}