{"tp": {"mean": 0.27, "sd": 0.4439594576084623}, "fp": {"mean": 0.39, "sd": 0.563826214360418}, "tn": {"mean": 4.61, "sd": 0.563826214360418}, "fn": {"mean": 0.73, "sd": 0.4439594576084623}, "precision": {"mean": 0.19666666666666666, "sd": 0.3514888966161584}, "recall": {"mean": 0.27, "sd": 0.4439594576084623}, "f1_score": {"mean": 0.22, "sd": 0.374076640988626}, "runtime": {"mean": 36.969662652015685, "sd": 0.5136925170347872}}