{"tp": {"mean": 0.03, "sd": 0.17058722109231983}, "fp": {"mean": 0.17, "sd": 0.4013726448077896}, "tn": {"mean": 4.83, "sd": 0.40137264480778956}, "fn": {"mean": 0.97, "sd": 0.17058722109231983}, "precision": {"mean": 0.025, "sd": 0.14790199457749037}, "recall": {"mean": 0.03, "sd": 0.17058722109231983}, "f1_score": {"mean": 0.026666666666666665, "sd": 0.15405626677721793}, "runtime": {"mean": 35.51131750106811, "sd": 0.42886465520457057}}