{"tp": {"mean": 0.26, "sd": 0.4386342439892262}, "fp": {"mean": 0.33, "sd": 0.5109794516416486}, "tn": {"mean": 4.67, "sd": 0.5109794516416486}, "fn": {"mean": 0.74, "sd": 0.4386342439892262}, "precision": {"mean": 0.215, "sd": 0.38245914814526266}, "recall": {"mean": 0.26, "sd": 0.4386342439892262}, "f1_score": {"mean": 0.23, "sd": 0.39635842365212826}, "runtime": {"mean": 35.56155563592911, "sd": 0.30979324808333186}}