{"variables": {"c0.a": {"parents": ["c0.a"]}, "c1.a": {"parents": ["c1.a"]}, "i0.a": {"parents": ["i0.a", "c0.a"]}}, "duration": 11.700000000000001, "runtime": 0.13805794715881348}