{"tp": {"mean": 0.37, "sd": 0.48280430818293246}, "fp": {"mean": 1.73, "sd": 1.028153685010174}, "tn": {"mean": 3.27, "sd": 1.028153685010174}, "fn": {"mean": 0.63, "sd": 0.48280430818293246}, "precision": {"mean": 0.1628333333333333, "sd": 0.2495758067869026}, "recall": {"mean": 0.37, "sd": 0.48280430818293246}, "f1_score": {"mean": 0.21666666666666665, "sd": 0.3017541309668445}, "runtime": {"mean": 35.99258020877838, "sd": 0.360043286939914}}