{"tp": {"mean": 0.7, "sd": 0.45825756949558394}, "fp": {"mean": 2.24, "sd": 1.3573503600765722}, "tn": {"mean": 2.76, "sd": 1.3573503600765722}, "fn": {"mean": 0.3, "sd": 0.45825756949558394}, "precision": {"mean": 0.2763333333333333, "sd": 0.27236801084806805}, "recall": {"mean": 0.7, "sd": 0.45825756949558394}, "f1_score": {"mean": 0.37114285714285705, "sd": 0.29902776700864564}, "runtime": {"mean": 0.3369245886802673, "sd": 0.04274079372759689}}