{"tp": {"mean": 0.48, "sd": 0.49959983987187184}, "fp": {"mean": 2.0, "sd": 0.9591663046625439}, "tn": {"mean": 3.0, "sd": 0.9591663046625439}, "fn": {"mean": 0.52, "sd": 0.49959983987187184}, "precision": {"mean": 0.19399999999999998, "sd": 0.23057319878945168}, "recall": {"mean": 0.48, "sd": 0.49959983987187184}, "f1_score": {"mean": 0.2686666666666666, "sd": 0.2963788866374331}, "runtime": {"mean": 71.30889406681061, "sd": 0.823888948334039}}