{"tp": {"mean": 0.28, "sd": 0.44899888641287283}, "fp": {"mean": 0.54, "sd": 0.6696267617113283}, "tn": {"mean": 4.46, "sd": 0.6696267617113283}, "fn": {"mean": 0.72, "sd": 0.44899888641287283}, "precision": {"mean": 0.19583333333333333, "sd": 0.3440718190533289}, "recall": {"mean": 0.28, "sd": 0.44899888641287283}, "f1_score": {"mean": 0.2223333333333333, "sd": 0.36998663639530427}, "runtime": {"mean": 36.81170249223709, "sd": 0.38171327937441674}}