{"tp": {"mean": 0.69, "sd": 0.46249324319388707}, "fp": {"mean": 2.6, "sd": 1.296148139681572}, "tn": {"mean": 2.4, "sd": 1.296148139681572}, "fn": {"mean": 0.31, "sd": 0.462493243193887}, "precision": {"mean": 0.24483333333333335, "sd": 0.23760021277581195}, "recall": {"mean": 0.69, "sd": 0.46249324319388707}, "f1_score": {"mean": 0.3426190476190476, "sd": 0.27461981553394904}, "runtime": {"mean": 0.30597538471221924, "sd": 0.0306114146239288}}