{"tp": {"mean": 0.14, "sd": 0.34698703145794946}, "fp": {"mean": 0.27, "sd": 0.5450688029964658}, "tn": {"mean": 4.73, "sd": 0.5450688029964658}, "fn": {"mean": 0.86, "sd": 0.34698703145794946}, "precision": {"mean": 0.13, "sd": 0.3287856444554719}, "recall": {"mean": 0.14, "sd": 0.34698703145794946}, "f1_score": {"mean": 0.13333333333333333, "sd": 0.33333333333333326}, "runtime": {"mean": 35.494237203598026, "sd": 0.5830600364372985}}