{"tp": {"mean": 0.89, "sd": 0.31288975694324034}, "fp": {"mean": 2.74, "sd": 1.4044215891248608}, "tn": {"mean": 2.26, "sd": 1.4044215891248608}, "fn": {"mean": 0.11, "sd": 0.31288975694324034}, "precision": {"mean": 0.2995, "sd": 0.22134004758892292}, "recall": {"mean": 0.89, "sd": 0.31288975694324034}, "f1_score": {"mean": 0.4232857142857142, "sd": 0.2286496840245688}, "runtime": {"mean": 0.45521273374557497, "sd": 0.11493951346962603}}