{"tp": {"mean": 0.06, "sd": 0.23748684174075835}, "fp": {"mean": 0.13, "sd": 0.36482872693909396}, "tn": {"mean": 4.87, "sd": 0.36482872693909396}, "fn": {"mean": 0.94, "sd": 0.23748684174075838}, "precision": {"mean": 0.06, "sd": 0.23748684174075835}, "recall": {"mean": 0.06, "sd": 0.23748684174075835}, "f1_score": {"mean": 0.06, "sd": 0.23748684174075835}, "runtime": {"mean": 36.72766479492188, "sd": 0.4476176986173713}}