{"tp": {"mean": 0.41, "sd": 0.49183330509431744}, "fp": {"mean": 2.61, "sd": 1.0853110153315502}, "tn": {"mean": 2.39, "sd": 1.0853110153315502}, "fn": {"mean": 0.59, "sd": 0.49183330509431744}, "precision": {"mean": 0.12533333333333332, "sd": 0.17700408030450723}, "recall": {"mean": 0.41, "sd": 0.49183330509431744}, "f1_score": {"mean": 0.1857142857142857, "sd": 0.239973543515325}, "runtime": {"mean": 0.0038085389137268067, "sd": 0.001962055728727286}}