{"tp": {"mean": 0.8, "sd": 0.39999999999999997}, "fp": {"mean": 1.93, "sd": 1.2021231218140676}, "tn": {"mean": 3.07, "sd": 1.2021231218140676}, "fn": {"mean": 0.2, "sd": 0.4}, "precision": {"mean": 0.3333333333333334, "sd": 0.2660931332363831}, "recall": {"mean": 0.8, "sd": 0.39999999999999997}, "f1_score": {"mean": 0.4455238095238096, "sd": 0.2823559131273941}, "runtime": {"mean": 0.39380085945129395, "sd": 0.08802742018656234}}