{"tp": {"mean": 0.25, "sd": 0.4330127018922193}, "fp": {"mean": 0.24, "sd": 0.47159304490206383}, "tn": {"mean": 4.76, "sd": 0.4715930449020639}, "fn": {"mean": 0.75, "sd": 0.4330127018922193}, "precision": {"mean": 0.235, "sd": 0.4150602365922325}, "recall": {"mean": 0.25, "sd": 0.4330127018922193}, "f1_score": {"mean": 0.24, "sd": 0.41920559792699974}, "runtime": {"mean": 35.989053122997284, "sd": 0.45694520961547447}}