{"tp": {"mean": 0.7, "sd": 0.45825756949558394}, "fp": {"mean": 2.92, "sd": 1.1373653766490346}, "tn": {"mean": 2.08, "sd": 1.1373653766490346}, "fn": {"mean": 0.3, "sd": 0.45825756949558394}, "precision": {"mean": 0.20416666666666664, "sd": 0.17343546670479806}, "recall": {"mean": 0.7, "sd": 0.45825756949558394}, "f1_score": {"mean": 0.3068095238095238, "sd": 0.22929672129046635}, "runtime": {"mean": 0.37142213582992556, "sd": 0.1197883164208087}}