{"tp": {"mean": 0.2, "sd": 0.4}, "fp": {"mean": 0.28, "sd": 0.5306599664568639}, "tn": {"mean": 4.72, "sd": 0.530659966456864}, "fn": {"mean": 0.8, "sd": 0.4}, "precision": {"mean": 0.165, "sd": 0.34680686267719674}, "recall": {"mean": 0.2, "sd": 0.4}, "f1_score": {"mean": 0.17666666666666664, "sd": 0.36041642581880196}, "runtime": {"mean": 35.632421808242796, "sd": 0.46280414712676443}}