{"tp": {"mean": 0.46, "sd": 0.49839743177508444}, "fp": {"mean": 0.24, "sd": 0.4715930449020639}, "tn": {"mean": 4.76, "sd": 0.47159304490206383}, "fn": {"mean": 0.54, "sd": 0.49839743177508444}, "precision": {"mean": 0.38333333333333336, "sd": 0.4462809279665294}, "recall": {"mean": 0.46, "sd": 0.49839743177508444}, "f1_score": {"mean": 0.40833333333333327, "sd": 0.45605494308373756}, "runtime": {"mean": 36.41327913761139, "sd": 0.7281347162047983}}