{"tp": {"mean": 0.5, "sd": 0.5}, "fp": {"mean": 2.61, "sd": 1.047807234180028}, "tn": {"mean": 2.39, "sd": 1.047807234180028}, "fn": {"mean": 0.5, "sd": 0.5}, "precision": {"mean": 0.1535, "sd": 0.18023587939758895}, "recall": {"mean": 0.5, "sd": 0.5}, "f1_score": {"mean": 0.22852380952380952, "sd": 0.24545620906160312}, "runtime": {"mean": 0.021215479373931884, "sd": 0.0010800377901830274}}