{"tp": {"mean": 0.64, "sd": 0.48}, "fp": {"mean": 1.38, "sd": 1.0656453443805776}, "tn": {"mean": 3.62, "sd": 1.0656453443805776}, "fn": {"mean": 0.36, "sd": 0.48}, "precision": {"mean": 0.33116666666666666, "sd": 0.3210542962041018}, "recall": {"mean": 0.64, "sd": 0.48}, "f1_score": {"mean": 0.4149999999999999, "sd": 0.3511053972812152}, "runtime": {"mean": 0.35576011419296266, "sd": 0.060552461819122466}}