{"tp": {"mean": 0.69, "sd": 0.462493243193887}, "fp": {"mean": 1.44, "sd": 1.1516944039110377}, "tn": {"mean": 3.56, "sd": 1.1516944039110377}, "fn": {"mean": 0.31, "sd": 0.462493243193887}, "precision": {"mean": 0.3881666666666667, "sd": 0.35205977238720887}, "recall": {"mean": 0.69, "sd": 0.462493243193887}, "f1_score": {"mean": 0.46919047619047616, "sd": 0.3642937783109942}, "runtime": {"mean": 0.37142009973526, "sd": 0.047129506350695155}}