{"tp": {"mean": 0.66, "sd": 0.4737087712930805}, "fp": {"mean": 1.23, "sd": 1.1300884921102416}, "tn": {"mean": 3.77, "sd": 1.1300884921102416}, "fn": {"mean": 0.34, "sd": 0.4737087712930805}, "precision": {"mean": 0.32716666666666666, "sd": 0.3035315744147002}, "recall": {"mean": 0.66, "sd": 0.4737087712930805}, "f1_score": {"mean": 0.41785714285714276, "sd": 0.33754104478729663}, "runtime": {"mean": 0.4220230054855347, "sd": 0.4126484935746701}}