{"tp": {"mean": 0.66, "sd": 0.4737087712930805}, "fp": {"mean": 2.8, "sd": 1.4212670403551895}, "tn": {"mean": 2.2, "sd": 1.4212670403551895}, "fn": {"mean": 0.34, "sd": 0.4737087712930805}, "precision": {"mean": 0.18916666666666665, "sd": 0.17362755477682043}, "recall": {"mean": 0.66, "sd": 0.4737087712930805}, "f1_score": {"mean": 0.28504761904761905, "sd": 0.23176931607315035}, "runtime": {"mean": 0.35436384201049803, "sd": 0.07535807922525285}}