{"tp": {"mean": 0.53, "sd": 0.49909918853871116}, "fp": {"mean": 2.3, "sd": 1.0723805294763609}, "tn": {"mean": 2.7, "sd": 1.0723805294763609}, "fn": {"mean": 0.47, "sd": 0.49909918853871116}, "precision": {"mean": 0.19033333333333333, "sd": 0.23197437597957044}, "recall": {"mean": 0.53, "sd": 0.49909918853871116}, "f1_score": {"mean": 0.2667142857142857, "sd": 0.28058773349965993}, "runtime": {"mean": 0.00042706966400146484, "sd": 0.00011950389517085462}}