{"variables": {"c0.a": {"parents": ["c0.a"]}, "c1.a": {"parents": ["i0.a"]}, "i0.a": {"parents": ["i0.a"]}}, "duration": 6.1000000000000005, "runtime": 24.204375982284546}