{"tp": {"mean": 0.41, "sd": 0.49183330509431744}, "fp": {"mean": 2.47, "sd": 1.062591172558854}, "tn": {"mean": 2.53, "sd": 1.062591172558854}, "fn": {"mean": 0.59, "sd": 0.49183330509431744}, "precision": {"mean": 0.12116666666666667, "sd": 0.15902227307309294}, "recall": {"mean": 0.41, "sd": 0.49183330509431744}, "f1_score": {"mean": 0.18352380952380948, "sd": 0.2313290203287484}, "runtime": {"mean": 0.004216642379760742, "sd": 0.0021686901764735285}}