{"tp": {"mean": 0.7, "sd": 0.45825756949558394}, "fp": {"mean": 0.39, "sd": 0.5982474404458409}, "tn": {"mean": 4.61, "sd": 0.5982474404458409}, "fn": {"mean": 0.3, "sd": 0.45825756949558394}, "precision": {"mean": 0.5858333333333333, "sd": 0.43420665202949926}, "recall": {"mean": 0.7, "sd": 0.45825756949558394}, "f1_score": {"mean": 0.6223333333333333, "sd": 0.430917754462625}, "runtime": {"mean": 1.8188326525688172, "sd": 0.8424360877784788}}