{"tp": {"mean": 0.53, "sd": 0.49909918853871116}, "fp": {"mean": 2.36, "sd": 1.0910545357588683}, "tn": {"mean": 2.64, "sd": 1.0910545357588683}, "fn": {"mean": 0.47, "sd": 0.49909918853871116}, "precision": {"mean": 0.18433333333333335, "sd": 0.19895309329923305}, "recall": {"mean": 0.53, "sd": 0.49909918853871116}, "f1_score": {"mean": 0.2669047619047619, "sd": 0.268203374114908}, "runtime": {"mean": 0.004338226318359375, "sd": 0.0019828306717048915}}