{"tp": {"mean": 0.21, "sd": 0.40730823708832603}, "fp": {"mean": 0.44, "sd": 0.7525955088890712}, "tn": {"mean": 4.56, "sd": 0.7525955088890712}, "fn": {"mean": 0.79, "sd": 0.40730823708832603}, "precision": {"mean": 0.1625, "sd": 0.33796264586489433}, "recall": {"mean": 0.21, "sd": 0.40730823708832603}, "f1_score": {"mean": 0.17733333333333334, "sd": 0.35455386677406925}, "runtime": {"mean": 0.4233947229385376, "sd": 0.05880481659623462}}