{"tp": {"mean": 0.42, "sd": 0.49355850717012273}, "fp": {"mean": 0.22, "sd": 0.5015974481593781}, "tn": {"mean": 4.78, "sd": 0.5015974481593781}, "fn": {"mean": 0.58, "sd": 0.49355850717012273}, "precision": {"mean": 0.3666666666666667, "sd": 0.45582647770591145}, "recall": {"mean": 0.42, "sd": 0.49355850717012273}, "f1_score": {"mean": 0.38333333333333336, "sd": 0.46218082079540157}, "runtime": {"mean": 35.95991424798965, "sd": 0.5095615695272696}}