{"tp": {"mean": 0.72, "sd": 0.4489988864128729}, "fp": {"mean": 1.17, "sd": 0.9905049217444605}, "tn": {"mean": 3.83, "sd": 0.9905049217444605}, "fn": {"mean": 0.28, "sd": 0.4489988864128729}, "precision": {"mean": 0.4303333333333333, "sd": 0.36752460235109885}, "recall": {"mean": 0.72, "sd": 0.4489988864128729}, "f1_score": {"mean": 0.509, "sd": 0.3700106605070844}, "runtime": {"mean": 0.6698259329795837, "sd": 0.18981428940910036}}