{"tp": {"mean": 0.82, "sd": 0.38418745424597095}, "fp": {"mean": 1.57, "sd": 1.2747941010218082}, "tn": {"mean": 3.43, "sd": 1.2747941010218082}, "fn": {"mean": 0.18, "sd": 0.38418745424597095}, "precision": {"mean": 0.41050000000000003, "sd": 0.31988413701074814}, "recall": {"mean": 0.82, "sd": 0.38418745424597095}, "f1_score": {"mean": 0.5127142857142857, "sd": 0.31508560187342183}, "runtime": {"mean": 0.4097280931472778, "sd": 0.12275255358446918}}