{"tp": {"mean": 0.35, "sd": 0.4769696007084728}, "fp": {"mean": 1.06, "sd": 0.8924124606929242}, "tn": {"mean": 3.94, "sd": 0.8924124606929242}, "fn": {"mean": 0.65, "sd": 0.4769696007084728}, "precision": {"mean": 0.2025, "sd": 0.31628375972639927}, "recall": {"mean": 0.35, "sd": 0.4769696007084728}, "f1_score": {"mean": 0.24533333333333335, "sd": 0.35378964245877953}, "runtime": {"mean": 35.82275096654892, "sd": 0.34496591040051783}}