{"variables": {"c0.a": {"parents": []}, "c1.a": {"parents": []}, "i0.a": {"parents": []}}, "duration": 6.800000000000001, "runtime": 52.31703519821167}