{"variables": {"c0.a": {"parents": []}, "c1.a": {"parents": []}, "i0.a": {"parents": []}}, "duration": 4.1000000000000005, "runtime": 52.57080626487732}