{"variables": {"c0.a": {"parents": []}, "c1.a": {"parents": ["c1.a"]}, "i0.a": {"parents": []}}, "duration": 7.1000000000000005, "runtime": 52.149927854537964}