{"tp": {"mean": 0.58, "sd": 0.49355850717012273}, "fp": {"mean": 0.26, "sd": 0.5765414122159831}, "tn": {"mean": 4.74, "sd": 0.576541412215983}, "fn": {"mean": 0.42, "sd": 0.49355850717012273}, "precision": {"mean": 0.5225, "sd": 0.4718249145604755}, "recall": {"mean": 0.58, "sd": 0.49355850717012273}, "f1_score": {"mean": 0.5406666666666667, "sd": 0.4729947145582074}, "runtime": {"mean": 0.948315966129303, "sd": 0.3040794738723426}}