{"tp": {"mean": 0.4, "sd": 0.4898979485566356}, "fp": {"mean": 1.09, "sd": 0.8728688332160797}, "tn": {"mean": 3.91, "sd": 0.8728688332160797}, "fn": {"mean": 0.6, "sd": 0.4898979485566356}, "precision": {"mean": 0.2675, "sd": 0.37180023758285397}, "recall": {"mean": 0.4, "sd": 0.4898979485566356}, "f1_score": {"mean": 0.30733333333333335, "sd": 0.39711683139572135}, "runtime": {"mean": 35.866692147254945, "sd": 0.3553655394153744}}