{"tp": {"mean": 0.3689017598574293, "sd": 0.4825072553149029}, "fp": {"mean": 1.6899086656270885, "sd": 1.360777697406258}, "tn": {"mean": 3.3100913343729115, "sd": 1.360777697406258}, "fn": {"mean": 0.6310982401425708, "sd": 0.4825072553149029}, "precision": {"mean": 0.13714635776342168, "sd": 0.20986830257991598}, "recall": {"mean": 0.3689017598574293, "sd": 0.4825072553149029}, "f1_score": {"mean": 0.19239622781614316, "sd": 0.2696146865828163}, "runtime": {"mean": 19.753254549677003, "sd": 33.65205047653537}, "duration": {"mean": 49.79443083092003, "sd": 38.03921819532164}}