{"tp": {"mean": 0.5, "sd": 0.5}, "fp": {"mean": 2.56, "sd": 1.0423051376636308}, "tn": {"mean": 2.44, "sd": 1.0423051376636308}, "fn": {"mean": 0.5, "sd": 0.5}, "precision": {"mean": 0.15033333333333332, "sd": 0.1643840354508646}, "recall": {"mean": 0.5, "sd": 0.5}, "f1_score": {"mean": 0.22738095238095238, "sd": 0.23918263593608408}, "runtime": {"mean": 0.003658123016357422, "sd": 0.0017444479124409855}}