{"tp": {"mean": 0.31276453553129874, "sd": 0.46361932751470764}, "fp": {"mean": 1.0913343729115617, "sd": 0.9463855225995972}, "tn": {"mean": 3.9086656270884386, "sd": 0.9463855225995972}, "fn": {"mean": 0.6872354644687013, "sd": 0.46361932751470764}, "precision": {"mean": 0.19317219870795274, "sd": 0.326520337163342}, "recall": {"mean": 0.31276453553129874, "sd": 0.46361932751470764}, "f1_score": {"mean": 0.22763474737188255, "sd": 0.3568847385089361}, "runtime": {"mean": 38.621295799096885, "sd": 0.7991284329391068}, "duration": {"mean": 19.91935843172199, "sd": 15.216287891169923}}