{"tp": {"mean": 0.26, "sd": 0.4386342439892262}, "fp": {"mean": 1.48, "sd": 1.7116074316267738}, "tn": {"mean": 3.52, "sd": 1.7116074316267738}, "fn": {"mean": 0.74, "sd": 0.4386342439892262}, "precision": {"mean": 0.06533333333333333, "sd": 0.12323599762695601}, "recall": {"mean": 0.26, "sd": 0.4386342439892262}, "f1_score": {"mean": 0.10171428571428573, "sd": 0.18232501939781248}, "runtime": {"mean": 9.233929905891419, "sd": 24.20357790843525}, "duration": {"mean": 20.064000000000004, "sd": 5.08058106912979}}