{"tp": {"mean": 0.57, "sd": 0.4950757517794625}, "fp": {"mean": 1.61, "sd": 0.9475758544834288}, "tn": {"mean": 3.39, "sd": 0.9475758544834288}, "fn": {"mean": 0.43, "sd": 0.4950757517794625}, "precision": {"mean": 0.2748333333333333, "sd": 0.2956677470855871}, "recall": {"mean": 0.57, "sd": 0.4950757517794625}, "f1_score": {"mean": 0.3546666666666667, "sd": 0.3380834873880184}, "runtime": {"mean": 36.77671437740326, "sd": 0.5985538401883186}}