{"tp": {"mean": 0.69, "sd": 0.462493243193887}, "fp": {"mean": 2.11, "sd": 1.3333791658789333}, "tn": {"mean": 2.89, "sd": 1.3333791658789333}, "fn": {"mean": 0.31, "sd": 0.462493243193887}, "precision": {"mean": 0.25766666666666665, "sd": 0.25055959592701915}, "recall": {"mean": 0.69, "sd": 0.462493243193887}, "f1_score": {"mean": 0.3549047619047619, "sd": 0.2843558619684632}, "runtime": {"mean": 1.1629886865615844, "sd": 7.8234984728026165}}