{"tp": {"mean": 0.37, "sd": 0.4828043081829324}, "fp": {"mean": 0.22, "sd": 0.4377213725647858}, "tn": {"mean": 4.78, "sd": 0.4377213725647858}, "fn": {"mean": 0.63, "sd": 0.4828043081829324}, "precision": {"mean": 0.325, "sd": 0.4437059837324712}, "recall": {"mean": 0.37, "sd": 0.4828043081829324}, "f1_score": {"mean": 0.34, "sd": 0.4521061822182927}, "runtime": {"mean": 35.834521265029906, "sd": 0.5750164431542186}}