{"tp": {"mean": 0.48, "sd": 0.49959983987187184}, "fp": {"mean": 1.68, "sd": 0.9887365675446621}, "tn": {"mean": 3.32, "sd": 0.9887365675446621}, "fn": {"mean": 0.52, "sd": 0.49959983987187184}, "precision": {"mean": 0.21283333333333332, "sd": 0.25933520779099783}, "recall": {"mean": 0.48, "sd": 0.49959983987187184}, "f1_score": {"mean": 0.2846666666666666, "sd": 0.31648837085884984}, "runtime": {"mean": 35.3334195804596, "sd": 0.3764958804005478}}