{"variables": {"c0.a": {"parents": ["c0.a"]}, "c1.a": {"parents": ["i0.a"]}, "i0.a": {"parents": ["c1.a"]}}, "duration": 5.1000000000000005, "runtime": 21.118359565734863}