{"tp": {"mean": 0.5, "sd": 0.5}, "fp": {"mean": 1.25, "sd": 1.107925990308017}, "tn": {"mean": 3.75, "sd": 1.107925990308017}, "fn": {"mean": 0.5, "sd": 0.5}, "precision": {"mean": 0.30233333333333334, "sd": 0.3726110572701781}, "recall": {"mean": 0.5, "sd": 0.5}, "f1_score": {"mean": 0.3543333333333333, "sd": 0.3915965894755582}, "runtime": {"mean": 0.36872005462646484, "sd": 0.048417292015947654}}