{"tp": {"mean": 0.63, "sd": 0.4828043081829324}, "fp": {"mean": 1.66, "sd": 1.2183595528414426}, "tn": {"mean": 3.34, "sd": 1.2183595528414426}, "fn": {"mean": 0.37, "sd": 0.4828043081829324}, "precision": {"mean": 0.2815, "sd": 0.2914798925788497}, "recall": {"mean": 0.63, "sd": 0.4828043081829324}, "f1_score": {"mean": 0.3677142857142857, "sd": 0.3240318424486009}, "runtime": {"mean": 0.3878704285621643, "sd": 0.329840788967449}}