{"tp": {"mean": 0.39, "sd": 0.4877499359302879}, "fp": {"mean": 0.27, "sd": 0.5070502933634888}, "tn": {"mean": 4.73, "sd": 0.5070502933634887}, "fn": {"mean": 0.61, "sd": 0.4877499359302879}, "precision": {"mean": 0.34, "sd": 0.4465422712353221}, "recall": {"mean": 0.39, "sd": 0.4877499359302879}, "f1_score": {"mean": 0.35666666666666663, "sd": 0.4552288801617636}, "runtime": {"mean": 35.98314360141754, "sd": 0.46393709713854125}}