{"variables": {"c0.a": {"parents": ["c1.a"]}, "c1.a": {"parents": ["c1.a"]}, "i0.a": {"parents": ["c1.a"]}}, "duration": 24.900000000000002, "runtime": 1.1018426418304443}