{"variables": {"c0.a": {"parents": ["i0.a", "c0.a"]}, "c1.a": {"parents": ["c1.a"]}, "i0.a": {"parents": ["c0.a"]}}, "duration": 24.900000000000002, "runtime": 0.25357604026794434}