{"variables": {"c0.a": {"parents": ["i0.a"]}, "c1.a": {"parents": ["i0.a"]}, "i0.a": {"parents": ["i0.a"]}}, "duration": 24.900000000000002, "runtime": 1.2686190605163574}