{"variables": {"c0.a": {"parents": ["c0.a"]}, "c1.a": {"parents": ["c0.a"]}, "i0.a": {"parents": ["c0.a"]}}, "duration": 24.900000000000002, "runtime": 1.7023353576660156}