{"variables": {"c0.a": {"parents": ["c0.a"]}, "c1.a": {"parents": ["c1.a"]}, "i0.a": {"parents": ["i0.a", "c0.a"]}}, "duration": 49.800000000000004, "runtime": 0.48989176750183105}