{"tp": {"mean": 0.9, "sd": 0.3}, "fp": {"mean": 3.86, "sd": 1.1403508232118746}, "tn": {"mean": 1.14, "sd": 1.1403508232118746}, "fn": {"mean": 0.1, "sd": 0.3}, "precision": {"mean": 0.2, "sd": 0.1046156988431681}, "recall": {"mean": 0.9, "sd": 0.3}, "f1_score": {"mean": 0.3210952380952381, "sd": 0.1423933025381101}, "runtime": {"mean": 0.3958743596076965, "sd": 0.07338529218733174}}