{"tp": {"mean": 0.72, "sd": 0.44899888641287294}, "fp": {"mean": 1.01, "sd": 1.090825375575761}, "tn": {"mean": 3.99, "sd": 1.090825375575761}, "fn": {"mean": 0.28, "sd": 0.44899888641287294}, "precision": {"mean": 0.46116666666666667, "sd": 0.39301579696834915}, "recall": {"mean": 0.72, "sd": 0.44899888641287294}, "f1_score": {"mean": 0.5288571428571429, "sd": 0.3886926864955751}, "runtime": {"mean": 0.5727389526367187, "sd": 0.16153258308134147}}