{"tp": {"mean": 0.04, "sd": 0.19595917942265423}, "fp": {"mean": 0.09, "sd": 0.28618176042508375}, "tn": {"mean": 4.91, "sd": 0.28618176042508375}, "fn": {"mean": 0.96, "sd": 0.19595917942265423}, "precision": {"mean": 0.03, "sd": 0.15524174696260026}, "recall": {"mean": 0.04, "sd": 0.19595917942265423}, "f1_score": {"mean": 0.03333333333333333, "sd": 0.16666666666666669}, "runtime": {"mean": 35.730505452156066, "sd": 0.42141052830124326}}