{"tp": {"mean": 0.52, "sd": 0.49959983987187184}, "fp": {"mean": 2.45, "sd": 1.16940155635265}, "tn": {"mean": 2.55, "sd": 1.16940155635265}, "fn": {"mean": 0.48, "sd": 0.49959983987187184}, "precision": {"mean": 0.18833333333333335, "sd": 0.23363670754209648}, "recall": {"mean": 0.52, "sd": 0.49959983987187184}, "f1_score": {"mean": 0.26304761904761903, "sd": 0.2823212174833302}, "runtime": {"mean": 0.010108647346496582, "sd": 0.00016557628287663912}}