{"tp": {"mean": 0.81, "sd": 0.3923009049186606}, "fp": {"mean": 1.07, "sd": 1.210413152605341}, "tn": {"mean": 3.93, "sd": 1.210413152605341}, "fn": {"mean": 0.19, "sd": 0.39230090491866065}, "precision": {"mean": 0.508, "sd": 0.3746218834445681}, "recall": {"mean": 0.81, "sd": 0.3923009049186606}, "f1_score": {"mean": 0.5868571428571429, "sd": 0.35810227956602775}, "runtime": {"mean": 0.43444146394729616, "sd": 0.09655952456791757}}