{"variables": {"c0.a": {"parents": []}, "c1.a": {"parents": []}, "i0.a": {"parents": ["i0.a"]}}, "duration": 4.800000000000001, "runtime": 38.970381021499634}