{"tp": {"mean": 0.22388059701492538, "sd": 0.4168429863811624}, "fp": {"mean": 0.746268656716418, "sd": 0.779270297445171}, "tn": {"mean": 4.253731343283582, "sd": 0.7792702974451708}, "fn": {"mean": 0.7761194029850746, "sd": 0.4168429863811624}, "precision": {"mean": 0.14303482587064675, "sd": 0.3026301133730092}, "recall": {"mean": 0.22388059701492538, "sd": 0.4168429863811624}, "f1_score": {"mean": 0.16517412935323383, "sd": 0.3257563127821817}, "runtime": {"mean": 70.00097148098163, "sd": 0.5713136041159926}}