{"tp": {"mean": 0.48, "sd": 0.4995998398718718}, "fp": {"mean": 2.6, "sd": 1.0488088481701516}, "tn": {"mean": 2.4, "sd": 1.0488088481701516}, "fn": {"mean": 0.52, "sd": 0.4995998398718718}, "precision": {"mean": 0.14583333333333334, "sd": 0.1795731822343687}, "recall": {"mean": 0.48, "sd": 0.4995998398718718}, "f1_score": {"mean": 0.21704761904761902, "sd": 0.24392778010050822}, "runtime": {"mean": 0.004260678291320801, "sd": 0.001902203073190049}}