{"tp": {"mean": 0.1, "sd": 0.3}, "fp": {"mean": 0.74, "sd": 1.016070863670443}, "tn": {"mean": 4.26, "sd": 1.016070863670443}, "fn": {"mean": 0.9, "sd": 0.3}, "precision": {"mean": 0.03833333333333333, "sd": 0.11926860441876563}, "recall": {"mean": 0.1, "sd": 0.3}, "f1_score": {"mean": 0.05466666666666666, "sd": 0.16730012950781994}, "runtime": {"mean": 9.188407282829285, "sd": 24.207576758016163}, "duration": {"mean": 20.064000000000004, "sd": 5.08058106912979}}