{"tp": {"mean": 0.85, "sd": 0.3570714214271425}, "fp": {"mean": 0.88, "sd": 0.9516301802696254}, "tn": {"mean": 4.12, "sd": 0.9516301802696254}, "fn": {"mean": 0.15, "sd": 0.3570714214271425}, "precision": {"mean": 0.5661666666666666, "sd": 0.3520689247544829}, "recall": {"mean": 0.85, "sd": 0.3570714214271425}, "f1_score": {"mean": 0.6503333333333334, "sd": 0.33238180856759697}, "runtime": {"mean": 0.41663596391677854, "sd": 0.11927524767144573}}