{"tp": {"mean": 0.48, "sd": 0.49959983987187184}, "fp": {"mean": 1.98, "sd": 0.9484724561103501}, "tn": {"mean": 3.02, "sd": 0.9484724561103501}, "fn": {"mean": 0.52, "sd": 0.49959983987187184}, "precision": {"mean": 0.19566666666666666, "sd": 0.2312720860323999}, "recall": {"mean": 0.48, "sd": 0.49959983987187184}, "f1_score": {"mean": 0.2706666666666666, "sd": 0.29759330936326134}, "runtime": {"mean": 54.67864056587219, "sd": 0.7004798605951994}}