{"tp": {"mean": 0.5, "sd": 0.5}, "fp": {"mean": 2.57, "sd": 1.0416813332300814}, "tn": {"mean": 2.43, "sd": 1.0416813332300814}, "fn": {"mean": 0.5, "sd": 0.5}, "precision": {"mean": 0.15233333333333332, "sd": 0.17798283312974003}, "recall": {"mean": 0.5, "sd": 0.5}, "f1_score": {"mean": 0.22752380952380954, "sd": 0.24341167315966072}, "runtime": {"mean": 0.003908445835113525, "sd": 0.0022294328105822146}}