{"tp": {"mean": 0.32, "sd": 0.46647615158762396}, "fp": {"mean": 0.45, "sd": 0.6224949798994367}, "tn": {"mean": 4.55, "sd": 0.6224949798994367}, "fn": {"mean": 0.68, "sd": 0.466476151587624}, "precision": {"mean": 0.26333333333333336, "sd": 0.4083707465853383}, "recall": {"mean": 0.32, "sd": 0.46647615158762396}, "f1_score": {"mean": 0.2816666666666667, "sd": 0.421436037060588}, "runtime": {"mean": 35.85568158864975, "sd": 0.5232472899939525}}