{"tp": {"mean": 0.36, "sd": 0.48}, "fp": {"mean": 2.69, "sd": 1.1286717857729944}, "tn": {"mean": 2.31, "sd": 1.1286717857729944}, "fn": {"mean": 0.64, "sd": 0.48}, "precision": {"mean": 0.10799999999999998, "sd": 0.16747271751276718}, "recall": {"mean": 0.36, "sd": 0.48}, "f1_score": {"mean": 0.161047619047619, "sd": 0.22887814738241472}, "runtime": {"mean": 0.004396746158599854, "sd": 0.002373499756942748}}