{"variables": {"c0.a": {"parents": ["i0.a"]}, "c1.a": {"parents": ["c0.a", "c1.a"]}, "i0.a": {"parents": []}}, "duration": 23.400000000000002, "runtime": 0.21558904647827148}