{"tp": {"mean": 0.24, "sd": 0.4270831300812525}, "fp": {"mean": 0.35, "sd": 0.6383572667401852}, "tn": {"mean": 4.65, "sd": 0.6383572667401853}, "fn": {"mean": 0.76, "sd": 0.4270831300812525}, "precision": {"mean": 0.21833333333333332, "sd": 0.4011753565046919}, "recall": {"mean": 0.24, "sd": 0.4270831300812525}, "f1_score": {"mean": 0.225, "sd": 0.40645827994190664}, "runtime": {"mean": 36.63686037540436, "sd": 0.5396304241570796}}