{"tp": {"mean": 0.31, "sd": 0.462493243193887}, "fp": {"mean": 0.33, "sd": 0.5840376700179536}, "tn": {"mean": 4.67, "sd": 0.5840376700179536}, "fn": {"mean": 0.69, "sd": 0.46249324319388707}, "precision": {"mean": 0.26166666666666666, "sd": 0.41382699015141317}, "recall": {"mean": 0.31, "sd": 0.462493243193887}, "f1_score": {"mean": 0.2766666666666666, "sd": 0.4237530727518878}, "runtime": {"mean": 36.53554996490479, "sd": 0.6328992599675818}}