{"tp": {"mean": 0.05970149253731343, "sd": 0.23693295322966487}, "fp": {"mean": 0.1044776119402985, "sd": 0.35130156107283045}, "tn": {"mean": 4.895522388059701, "sd": 0.35130156107283045}, "fn": {"mean": 0.9402985074626866, "sd": 0.23693295322966482}, "precision": {"mean": 0.05970149253731343, "sd": 0.23693295322966487}, "recall": {"mean": 0.05970149253731343, "sd": 0.23693295322966487}, "f1_score": {"mean": 0.05970149253731343, "sd": 0.23693295322966487}, "runtime": {"mean": 0.12725964944754073, "sd": 0.025027460166104035}, "duration": {"mean": 12.276119402985074, "sd": 2.3436856770708623}}