{"tp": {"mean": 0.46, "sd": 0.49839743177508444}, "fp": {"mean": 2.64, "sd": 1.1001818031580053}, "tn": {"mean": 2.36, "sd": 1.1001818031580053}, "fn": {"mean": 0.54, "sd": 0.49839743177508444}, "precision": {"mean": 0.14916666666666667, "sd": 0.19723611062210017}, "recall": {"mean": 0.46, "sd": 0.49839743177508444}, "f1_score": {"mean": 0.21685714285714283, "sd": 0.2554959784641196}, "runtime": {"mean": 0.0037361812591552735, "sd": 0.0017843200155215426}}