{"tp": {"mean": 0.52, "sd": 0.49959983987187184}, "fp": {"mean": 1.74, "sd": 0.9551963149007643}, "tn": {"mean": 3.26, "sd": 0.9551963149007642}, "fn": {"mean": 0.48, "sd": 0.49959983987187184}, "precision": {"mean": 0.23233333333333334, "sd": 0.26143641674411006}, "recall": {"mean": 0.52, "sd": 0.49959983987187184}, "f1_score": {"mean": 0.31066666666666665, "sd": 0.31933542100918133}, "runtime": {"mean": 46.80873426437378, "sd": 0.4307849993435492}}