{"tp": {"mean": 0.27, "sd": 0.4439594576084623}, "fp": {"mean": 0.3, "sd": 0.4999999999999999}, "tn": {"mean": 4.7, "sd": 0.5}, "fn": {"mean": 0.73, "sd": 0.4439594576084623}, "precision": {"mean": 0.23333333333333336, "sd": 0.40207793606049397}, "recall": {"mean": 0.27, "sd": 0.4439594576084623}, "f1_score": {"mean": 0.24499999999999997, "sd": 0.41126836331848654}, "runtime": {"mean": 37.43298461675644, "sd": 0.4202524896291265}}