{"tp": {"mean": 0.52, "sd": 0.4995998398718718}, "fp": {"mean": 2.53, "sd": 1.062591172558854}, "tn": {"mean": 2.47, "sd": 1.062591172558854}, "fn": {"mean": 0.48, "sd": 0.4995998398718718}, "precision": {"mean": 0.17016666666666666, "sd": 0.2010568603930518}, "recall": {"mean": 0.52, "sd": 0.4995998398718718}, "f1_score": {"mean": 0.24723809523809526, "sd": 0.26014968654686255}, "runtime": {"mean": 0.0021607804298400877, "sd": 0.00016592639036459256}}