{"variables": {"c0.a": {"parents": ["c0.a"]}, "c1.a": {"parents": ["c1.a"]}, "i0.a": {"parents": []}}, "duration": 4.1000000000000005, "runtime": 8.990959167480469}