{"variables": {"c0.a": {"parents": []}, "c1.a": {"parents": []}, "i0.a": {"parents": ["c1.a"]}}, "duration": 6.800000000000001, "runtime": 8.968316078186035}