{"variables": {"c0.a": {"parents": []}, "c1.a": {"parents": []}, "i0.a": {"parents": ["c1.a"]}}, "duration": 4.1000000000000005, "runtime": 9.167548179626465}