{"tp": {"mean": 0.03, "sd": 0.17058722109231983}, "fp": {"mean": 0.17, "sd": 0.375632799419859}, "tn": {"mean": 4.83, "sd": 0.375632799419859}, "fn": {"mean": 0.97, "sd": 0.17058722109231983}, "precision": {"mean": 0.03, "sd": 0.17058722109231983}, "recall": {"mean": 0.03, "sd": 0.17058722109231983}, "f1_score": {"mean": 0.03, "sd": 0.17058722109231983}, "runtime": {"mean": 36.43108025789261, "sd": 0.6175141944392977}}