{"tp": {"mean": 0.51, "sd": 0.49989998999799945}, "fp": {"mean": 2.5, "sd": 1.1357816691600546}, "tn": {"mean": 2.5, "sd": 1.1357816691600546}, "fn": {"mean": 0.49, "sd": 0.49989998999799945}, "precision": {"mean": 0.18399999999999994, "sd": 0.2334513987012191}, "recall": {"mean": 0.51, "sd": 0.49989998999799945}, "f1_score": {"mean": 0.25685714285714284, "sd": 0.2816551501087215}, "runtime": {"mean": 0.0011623644828796388, "sd": 0.0001383071528315735}}