{"tp": {"mean": 0.05, "sd": 0.21794494717703367}, "fp": {"mean": 0.07, "sd": 0.25514701644346144}, "tn": {"mean": 4.93, "sd": 0.25514701644346144}, "fn": {"mean": 0.95, "sd": 0.21794494717703375}, "precision": {"mean": 0.05, "sd": 0.21794494717703367}, "recall": {"mean": 0.05, "sd": 0.21794494717703367}, "f1_score": {"mean": 0.05, "sd": 0.21794494717703367}, "runtime": {"mean": 36.70005908727646, "sd": 1.2665426495356102}}