{"tp": {"mean": 0.47, "sd": 0.49909918853871116}, "fp": {"mean": 2.57, "sd": 1.2590075456485557}, "tn": {"mean": 2.43, "sd": 1.2590075456485557}, "fn": {"mean": 0.53, "sd": 0.49909918853871116}, "precision": {"mean": 0.15883333333333333, "sd": 0.20608055329032005}, "recall": {"mean": 0.47, "sd": 0.49909918853871116}, "f1_score": {"mean": 0.228047619047619, "sd": 0.26510845339877803}, "runtime": {"mean": 0.0013761019706726074, "sd": 0.0001616388233157158}}