{"variables": {"c0.a": {"parents": ["c0.a"]}, "c1.a": {"parents": []}, "i0.a": {"parents": []}}, "duration": 4.800000000000001, "runtime": 45.88111710548401}