{"variables": {"c0.a": {"parents": ["c0.a"]}, "c1.a": {"parents": []}, "i0.a": {"parents": []}}, "duration": 4.1000000000000005, "runtime": 45.51036357879639}