{"tp": {"mean": 0.55, "sd": 0.49749371855331}, "fp": {"mean": 2.5, "sd": 1.0723805294763609}, "tn": {"mean": 2.5, "sd": 1.0723805294763609}, "fn": {"mean": 0.45, "sd": 0.49749371855331004}, "precision": {"mean": 0.1785, "sd": 0.18971169647066513}, "recall": {"mean": 0.55, "sd": 0.49749371855331}, "f1_score": {"mean": 0.2623809523809523, "sd": 0.256276760120339}, "runtime": {"mean": 0.020552928447723388, "sd": 0.00028198864460342104}}