{"tp": {"mean": 0.85, "sd": 0.3570714214271425}, "fp": {"mean": 2.48, "sd": 1.3962807740565648}, "tn": {"mean": 2.52, "sd": 1.3962807740565648}, "fn": {"mean": 0.15, "sd": 0.3570714214271425}, "precision": {"mean": 0.31266666666666665, "sd": 0.24971227887755587}, "recall": {"mean": 0.85, "sd": 0.3570714214271425}, "f1_score": {"mean": 0.428952380952381, "sd": 0.25766761270958327}, "runtime": {"mean": 0.35529529333114623, "sd": 0.05221107413661616}}