{"tp": {"mean": 0.34, "sd": 0.4737087712930804}, "fp": {"mean": 1.17, "sd": 0.980357077803797}, "tn": {"mean": 3.83, "sd": 0.980357077803797}, "fn": {"mean": 0.66, "sd": 0.4737087712930805}, "precision": {"mean": 0.1675, "sd": 0.2615379194941593}, "recall": {"mean": 0.34, "sd": 0.4737087712930804}, "f1_score": {"mean": 0.21733333333333335, "sd": 0.3161040616280939}, "runtime": {"mean": 0.7973752641677856, "sd": 3.0454944124971215}}