{"tp": {"mean": 0.25, "sd": 0.4330127018922193}, "fp": {"mean": 0.31, "sd": 0.5948949487094339}, "tn": {"mean": 4.69, "sd": 0.594894948709434}, "fn": {"mean": 0.75, "sd": 0.4330127018922193}, "precision": {"mean": 0.2175, "sd": 0.39473883771425383}, "recall": {"mean": 0.25, "sd": 0.4330127018922193}, "f1_score": {"mean": 0.2273333333333333, "sd": 0.4026683222924022}, "runtime": {"mean": 37.26089374780655, "sd": 0.6068281645322832}}