{"tp": {"mean": 0.93, "sd": 0.2551470164434615}, "fp": {"mean": 0.98, "sd": 1.2327205684987979}, "tn": {"mean": 4.02, "sd": 1.2327205684987979}, "fn": {"mean": 0.07, "sd": 0.2551470164434615}, "precision": {"mean": 0.617, "sd": 0.34418163809244684}, "recall": {"mean": 0.93, "sd": 0.2551470164434615}, "f1_score": {"mean": 0.7009047619047618, "sd": 0.2989859619483444}, "runtime": {"mean": 0.9920253658294678, "sd": 4.126803461529149}}