{"tp": {"mean": 0.55, "sd": 0.49749371855331}, "fp": {"mean": 2.42, "sd": 1.1762652762026091}, "tn": {"mean": 2.58, "sd": 1.1762652762026091}, "fn": {"mean": 0.45, "sd": 0.49749371855331004}, "precision": {"mean": 0.18833333333333335, "sd": 0.20187317250634812}, "recall": {"mean": 0.55, "sd": 0.49749371855331}, "f1_score": {"mean": 0.27204761904761904, "sd": 0.268515407024483}, "runtime": {"mean": 0.004226768016815185, "sd": 0.0020053866987422998}}