{"tp": {"mean": 0.5, "sd": 0.5}, "fp": {"mean": 2.45, "sd": 1.2114041439585717}, "tn": {"mean": 2.55, "sd": 1.2114041439585717}, "fn": {"mean": 0.5, "sd": 0.5}, "precision": {"mean": 0.16383333333333333, "sd": 0.20247160294717878}, "recall": {"mean": 0.5, "sd": 0.5}, "f1_score": {"mean": 0.23723809523809516, "sd": 0.260917950457128}, "runtime": {"mean": 0.004231820106506348, "sd": 0.002091225114162135}}