{"tp": {"mean": 0.62, "sd": 0.48538644398046393}, "fp": {"mean": 2.86, "sd": 1.2001666550941996}, "tn": {"mean": 2.14, "sd": 1.2001666550941996}, "fn": {"mean": 0.38, "sd": 0.48538644398046393}, "precision": {"mean": 0.19416666666666668, "sd": 0.19799515987350128}, "recall": {"mean": 0.62, "sd": 0.48538644398046393}, "f1_score": {"mean": 0.2844285714285714, "sd": 0.2524526897147616}, "runtime": {"mean": 0.27784077644348143, "sd": 0.02827744403259953}}