{"tp": {"mean": 0.41, "sd": 0.4918333050943175}, "fp": {"mean": 2.51, "sd": 1.004937809021036}, "tn": {"mean": 2.49, "sd": 1.004937809021036}, "fn": {"mean": 0.59, "sd": 0.49183330509431744}, "precision": {"mean": 0.11716666666666666, "sd": 0.14980459494510395}, "recall": {"mean": 0.41, "sd": 0.4918333050943175}, "f1_score": {"mean": 0.1798571428571428, "sd": 0.22383267864011921}, "runtime": {"mean": 0.01615391969680786, "sd": 0.00041915564834840377}}