{"variables": {"c0.a": {"parents": ["c0.a"]}, "c1.a": {"parents": ["c1.a"]}, "i0.a": {"parents": ["i0.a"]}}, "duration": 16.900000000000002, "runtime": 0.29601287841796875}