{"tp": {"mean": 0.27, "sd": 0.4439594576084623}, "fp": {"mean": 0.37, "sd": 0.6878226515607057}, "tn": {"mean": 4.63, "sd": 0.6878226515607057}, "fn": {"mean": 0.73, "sd": 0.4439594576084623}, "precision": {"mean": 0.22083333333333333, "sd": 0.38790301622957246}, "recall": {"mean": 0.27, "sd": 0.4439594576084623}, "f1_score": {"mean": 0.23566666666666666, "sd": 0.3995902067535356}, "runtime": {"mean": 35.31193007707596, "sd": 0.4019033015756942}}