{"tp": {"mean": 0.0, "sd": 0.0}, "fp": {"mean": 0.1044776119402985, "sd": 0.4614813383206061}, "tn": {"mean": 4.895522388059701, "sd": 0.4614813383206061}, "fn": {"mean": 1.0, "sd": 0.0}, "precision": {"mean": 0.0, "sd": 0.0}, "recall": {"mean": 0.0, "sd": 0.0}, "f1_score": {"mean": 0.0, "sd": 0.0}, "runtime": {"mean": 0.33784867400553686, "sd": 2.5064030025366297}}