{"tp": {"mean": 0.63, "sd": 0.4828043081829324}, "fp": {"mean": 2.08, "sd": 1.5210522673465234}, "tn": {"mean": 2.92, "sd": 1.5210522673465234}, "fn": {"mean": 0.37, "sd": 0.4828043081829324}, "precision": {"mean": 0.2845, "sd": 0.314468290222648}, "recall": {"mean": 0.63, "sd": 0.4828043081829324}, "f1_score": {"mean": 0.3630952380952381, "sd": 0.33521873253065043}, "runtime": {"mean": 0.3483298873901367, "sd": 0.06615083709701475}}