{"tp": {"mean": 0.05970149253731343, "sd": 0.23693295322966484}, "fp": {"mean": 0.6417910447761194, "sd": 0.5651969023510891}, "tn": {"mean": 4.358208955223881, "sd": 0.5651969023510892}, "fn": {"mean": 0.9402985074626866, "sd": 0.23693295322966482}, "precision": {"mean": 0.03731343283582089, "sd": 0.15724856347541402}, "recall": {"mean": 0.05970149253731343, "sd": 0.23693295322966484}, "f1_score": {"mean": 0.044776119402985065, "sd": 0.18116558662719526}, "runtime": {"mean": 20.761485925361292, "sd": 0.25679731541977346}}