{"tp": {"mean": 0.61, "sd": 0.4877499359302879}, "fp": {"mean": 1.86, "sd": 1.3268006632497589}, "tn": {"mean": 3.14, "sd": 1.3268006632497589}, "fn": {"mean": 0.39, "sd": 0.4877499359302879}, "precision": {"mean": 0.29583333333333334, "sd": 0.3248450485316892}, "recall": {"mean": 0.61, "sd": 0.4877499359302879}, "f1_score": {"mean": 0.3718571428571429, "sd": 0.347010618878605}, "runtime": {"mean": 0.3494566345214844, "sd": 0.04437330157164194}}