{"tp": {"mean": 0.7, "sd": 0.45825756949558394}, "fp": {"mean": 3.57, "sd": 0.9721625378505386}, "tn": {"mean": 1.43, "sd": 0.9721625378505386}, "fn": {"mean": 0.3, "sd": 0.4582575694955839}, "precision": {"mean": 0.1605, "sd": 0.11579807616901262}, "recall": {"mean": 0.7, "sd": 0.45825756949558394}, "f1_score": {"mean": 0.25876190476190475, "sd": 0.17969010865206883}, "runtime": {"mean": 0.2589723086357117, "sd": 0.011989525773518203}}