{"tp": {"mean": 0.8, "sd": 0.4}, "fp": {"mean": 1.2, "sd": 1.104536101718726}, "tn": {"mean": 3.8, "sd": 1.104536101718726}, "fn": {"mean": 0.2, "sd": 0.4}, "precision": {"mean": 0.4535, "sd": 0.33548716650400934}, "recall": {"mean": 0.8, "sd": 0.4}, "f1_score": {"mean": 0.5488571428571428, "sd": 0.33512012264058305}, "runtime": {"mean": 0.4188519930839539, "sd": 0.3043960909626839}}