{"variables": {"c0.a": {"parents": []}, "c1.a": {"parents": ["c1.a"]}, "i0.a": {"parents": ["c1.a", "i0.a"]}}, "duration": 7.1000000000000005, "runtime": 23.888803720474243}