{"variables": {"c0.a": {"parents": []}, "c1.a": {"parents": ["c1.a"]}, "i0.a": {"parents": ["i0.a"]}}, "duration": 5.6000000000000005, "runtime": 23.789217472076416}