{"variables": {"c0.a": {"parents": []}, "c1.a": {"parents": ["c1.a"]}, "i0.a": {"parents": []}}, "duration": 6.1000000000000005, "runtime": 24.650044679641724}