{"variables": {"c0.a": {"parents": []}, "c1.a": {"parents": []}, "i0.a": {"parents": ["i0.a", "c0.a"]}}, "duration": 4.1000000000000005, "runtime": 23.97708535194397}