{"tp": {"mean": 0.18, "sd": 0.38418745424597095}, "fp": {"mean": 0.25, "sd": 0.47696960070847283}, "tn": {"mean": 4.75, "sd": 0.47696960070847283}, "fn": {"mean": 0.82, "sd": 0.38418745424597095}, "precision": {"mean": 0.165, "sd": 0.360936282465479}, "recall": {"mean": 0.18, "sd": 0.38418745424597095}, "f1_score": {"mean": 0.17, "sd": 0.3666515148384544}, "runtime": {"mean": 35.5628408241272, "sd": 0.43110232376185753}}