{"tp": {"mean": 0.57, "sd": 0.49507575177946245}, "fp": {"mean": 2.41, "sd": 0.9496841580230766}, "tn": {"mean": 2.59, "sd": 0.9496841580230766}, "fn": {"mean": 0.43, "sd": 0.4950757517794625}, "precision": {"mean": 0.18999999999999997, "sd": 0.2001665972800324}, "recall": {"mean": 0.57, "sd": 0.49507575177946245}, "f1_score": {"mean": 0.2766666666666666, "sd": 0.26014952965127147}, "runtime": {"mean": 0.004874598979949951, "sd": 0.0023356137027989816}}