{"tp": {"mean": 0.09, "sd": 0.28618176042508375}, "fp": {"mean": 0.13, "sd": 0.36482872693909396}, "tn": {"mean": 4.87, "sd": 0.36482872693909396}, "fn": {"mean": 0.91, "sd": 0.28618176042508375}, "precision": {"mean": 0.09, "sd": 0.28618176042508375}, "recall": {"mean": 0.09, "sd": 0.28618176042508375}, "f1_score": {"mean": 0.09, "sd": 0.28618176042508375}, "runtime": {"mean": 36.20859053850174, "sd": 0.4600400154302829}}