{"tp": {"mean": 0.52, "sd": 0.49959983987187184}, "fp": {"mean": 2.42, "sd": 1.1504781614615727}, "tn": {"mean": 2.58, "sd": 1.1504781614615727}, "fn": {"mean": 0.48, "sd": 0.49959983987187184}, "precision": {"mean": 0.17799999999999994, "sd": 0.2164727337205414}, "recall": {"mean": 0.52, "sd": 0.49959983987187184}, "f1_score": {"mean": 0.2540476190476191, "sd": 0.2696359980206119}, "runtime": {"mean": 0.0006660962104797363, "sd": 6.078481272076303e-05}}