{"variables": {"c0.a": {"parents": []}, "c1.a": {"parents": []}, "i0.a": {"parents": []}}, "duration": 18.900000000000002, "runtime": 0.0022776126861572266}