{"tp": {"mean": 0.5, "sd": 0.5}, "fp": {"mean": 2.58, "sd": 1.0505236789335117}, "tn": {"mean": 2.42, "sd": 1.0505236789335117}, "fn": {"mean": 0.5, "sd": 0.5}, "precision": {"mean": 0.1495, "sd": 0.16366386623537618}, "recall": {"mean": 0.5, "sd": 0.5}, "f1_score": {"mean": 0.22638095238095235, "sd": 0.2382479700608071}, "runtime": {"mean": 0.00406388521194458, "sd": 0.0021541486654254142}}