{"tp": {"mean": 0.42, "sd": 0.49355850717012273}, "fp": {"mean": 2.47, "sd": 1.062591172558854}, "tn": {"mean": 2.53, "sd": 1.062591172558854}, "fn": {"mean": 0.58, "sd": 0.49355850717012273}, "precision": {"mean": 0.125, "sd": 0.16025153838748493}, "recall": {"mean": 0.42, "sd": 0.49355850717012273}, "f1_score": {"mean": 0.1891904761904762, "sd": 0.23321654511654993}, "runtime": {"mean": 0.008421902656555175, "sd": 0.0006906152099585465}}