{"tp": {"mean": 0.08, "sd": 0.2712931993250107}, "fp": {"mean": 0.21, "sd": 0.45376205218153715}, "tn": {"mean": 4.79, "sd": 0.45376205218153715}, "fn": {"mean": 0.92, "sd": 0.2712931993250107}, "precision": {"mean": 0.06333333333333332, "sd": 0.22825424421026652}, "recall": {"mean": 0.08, "sd": 0.2712931993250107}, "f1_score": {"mean": 0.06833333333333333, "sd": 0.2381584439914832}, "runtime": {"mean": 36.835422759056094, "sd": 0.492375141464383}}