{"variables": {"c0.a": {"parents": ["c0.a"]}, "c1.a": {"parents": ["c1.a", "c0.a"]}, "i0.a": {"parents": []}}, "duration": 5.6000000000000005, "runtime": 31.856764316558838}