{"tp": {"mean": 0.43, "sd": 0.4950757517794625}, "fp": {"mean": 0.36, "sd": 0.6248199740725325}, "tn": {"mean": 4.64, "sd": 0.6248199740725324}, "fn": {"mean": 0.57, "sd": 0.4950757517794625}, "precision": {"mean": 0.38166666666666665, "sd": 0.46265838128988634}, "recall": {"mean": 0.43, "sd": 0.4950757517794625}, "f1_score": {"mean": 0.39666666666666667, "sd": 0.4677249904235038}, "runtime": {"mean": 35.75012906074524, "sd": 0.49830805676216733}}