{"tp": {"mean": 0.29, "sd": 0.4537620521815371}, "fp": {"mean": 0.64, "sd": 0.7552483035399681}, "tn": {"mean": 4.36, "sd": 0.7552483035399681}, "fn": {"mean": 0.71, "sd": 0.4537620521815371}, "precision": {"mean": 0.21083333333333332, "sd": 0.3648544230237589}, "recall": {"mean": 0.29, "sd": 0.4537620521815371}, "f1_score": {"mean": 0.23399999999999999, "sd": 0.38320229644405834}, "runtime": {"mean": 37.19205919265747, "sd": 1.9047182527429227}}