{"tp": {"mean": 0.41, "sd": 0.49183330509431744}, "fp": {"mean": 0.43, "sd": 0.7107038764492565}, "tn": {"mean": 4.57, "sd": 0.7107038764492564}, "fn": {"mean": 0.59, "sd": 0.49183330509431744}, "precision": {"mean": 0.35583333333333333, "sd": 0.45290037535864336}, "recall": {"mean": 0.41, "sd": 0.49183330509431744}, "f1_score": {"mean": 0.37233333333333335, "sd": 0.45937288170335483}, "runtime": {"mean": 0.4763988637924194, "sd": 0.08084546027061229}}