{"tp": {"mean": 0.28, "sd": 0.4489988864128729}, "fp": {"mean": 0.28, "sd": 0.5114684741017769}, "tn": {"mean": 4.72, "sd": 0.5114684741017769}, "fn": {"mean": 0.72, "sd": 0.4489988864128729}, "precision": {"mean": 0.26, "sd": 0.4270831300812524}, "recall": {"mean": 0.28, "sd": 0.4489988864128729}, "f1_score": {"mean": 0.26666666666666666, "sd": 0.4320493798938574}, "runtime": {"mean": 35.93486731529236, "sd": 0.5230861413451399}}