{"variables": {"c0.a": {"parents": ["c0.a"]}, "c1.a": {"parents": ["c0.a", "c1.a"]}, "i0.a": {"parents": []}}, "duration": 24.900000000000002, "runtime": 37.747833013534546}