{"tp": {"mean": 0.41, "sd": 0.4918333050943174}, "fp": {"mean": 1.22, "sd": 0.87840765023991}, "tn": {"mean": 3.78, "sd": 0.87840765023991}, "fn": {"mean": 0.59, "sd": 0.49183330509431744}, "precision": {"mean": 0.22333333333333333, "sd": 0.3020485612171217}, "recall": {"mean": 0.41, "sd": 0.4918333050943174}, "f1_score": {"mean": 0.28, "sd": 0.35109352979892217}, "runtime": {"mean": 36.3724845123291, "sd": 0.6500069036665084}}