{"tp": {"mean": 0.3, "sd": 0.45825756949558394}, "fp": {"mean": 0.53, "sd": 0.6701492371106603}, "tn": {"mean": 4.47, "sd": 0.6701492371106604}, "fn": {"mean": 0.7, "sd": 0.458257569495584}, "precision": {"mean": 0.23666666666666664, "sd": 0.38885872898921936}, "recall": {"mean": 0.3, "sd": 0.45825756949558394}, "f1_score": {"mean": 0.25666666666666665, "sd": 0.4044337605426464}, "runtime": {"mean": 35.993718922138214, "sd": 0.4450179812436544}}