{"tp": {"mean": 0.77, "sd": 0.4208325082500163}, "fp": {"mean": 1.78, "sd": 1.17966096824469}, "tn": {"mean": 3.22, "sd": 1.1796609682446901}, "fn": {"mean": 0.23, "sd": 0.4208325082500163}, "precision": {"mean": 0.3443333333333334, "sd": 0.27436006350131287}, "recall": {"mean": 0.77, "sd": 0.4208325082500163}, "f1_score": {"mean": 0.45338095238095244, "sd": 0.2979196919593313}, "runtime": {"mean": 0.4255879640579224, "sd": 0.08949525692791212}}