{"tp": {"mean": 0.55, "sd": 0.49749371855331}, "fp": {"mean": 2.55, "sd": 1.0897247358851685}, "tn": {"mean": 2.45, "sd": 1.0897247358851685}, "fn": {"mean": 0.45, "sd": 0.49749371855331}, "precision": {"mean": 0.16799999999999998, "sd": 0.18016473942848343}, "recall": {"mean": 0.55, "sd": 0.49749371855331}, "f1_score": {"mean": 0.25057142857142856, "sd": 0.2452133875671899}, "runtime": {"mean": 0.004200408458709717, "sd": 0.0019221158357400146}}