{"tp": {"mean": 0.5, "sd": 0.5}, "fp": {"mean": 2.49, "sd": 1.0999545445153633}, "tn": {"mean": 2.51, "sd": 1.0999545445153633}, "fn": {"mean": 0.5, "sd": 0.5}, "precision": {"mean": 0.17266666666666663, "sd": 0.19824956214047204}, "recall": {"mean": 0.5, "sd": 0.5}, "f1_score": {"mean": 0.2500476190476191, "sd": 0.266891482614308}, "runtime": {"mean": 0.003953015804290772, "sd": 7.546570132285666e-05}}