{"tp": {"mean": 0.54, "sd": 0.49839743177508444}, "fp": {"mean": 2.48, "sd": 1.0244998779892558}, "tn": {"mean": 2.52, "sd": 1.0244998779892558}, "fn": {"mean": 0.46, "sd": 0.4983974317750845}, "precision": {"mean": 0.17116666666666666, "sd": 0.18440376894196062}, "recall": {"mean": 0.54, "sd": 0.49839743177508444}, "f1_score": {"mean": 0.2535238095238095, "sd": 0.25083815960281075}, "runtime": {"mean": 0.004335527420043945, "sd": 0.0020623356436811607}}