{"tp": {"mean": 0.52, "sd": 0.4995998398718718}, "fp": {"mean": 2.37, "sd": 1.1283173312503891}, "tn": {"mean": 2.63, "sd": 1.1283173312503891}, "fn": {"mean": 0.48, "sd": 0.4995998398718718}, "precision": {"mean": 0.17833333333333332, "sd": 0.21648068941337212}, "recall": {"mean": 0.52, "sd": 0.4995998398718718}, "f1_score": {"mean": 0.2545238095238095, "sd": 0.2697335335814255}, "runtime": {"mean": 0.003987522125244141, "sd": 0.0022160540466775675}}