{"tp": {"mean": 0.53, "sd": 0.49909918853871116}, "fp": {"mean": 2.53, "sd": 1.062591172558854}, "tn": {"mean": 2.47, "sd": 1.062591172558854}, "fn": {"mean": 0.47, "sd": 0.49909918853871116}, "precision": {"mean": 0.17266666666666663, "sd": 0.20047887115049748}, "recall": {"mean": 0.53, "sd": 0.49909918853871116}, "f1_score": {"mean": 0.25123809523809526, "sd": 0.25939150843565806}, "runtime": {"mean": 0.0038482451438903807, "sd": 0.0019723898282165775}}