{"tp": {"mean": 0.03, "sd": 0.17058722109231983}, "fp": {"mean": 0.15, "sd": 0.40926763859362253}, "tn": {"mean": 4.85, "sd": 0.40926763859362253}, "fn": {"mean": 0.97, "sd": 0.17058722109231983}, "precision": {"mean": 0.025, "sd": 0.14790199457749037}, "recall": {"mean": 0.03, "sd": 0.17058722109231983}, "f1_score": {"mean": 0.026666666666666665, "sd": 0.15405626677721793}, "runtime": {"mean": 35.6944588804245, "sd": 0.3845944864520751}}