{"tp": {"mean": 0.31, "sd": 0.46249324319388707}, "fp": {"mean": 0.27, "sd": 0.48692915295759404}, "tn": {"mean": 4.73, "sd": 0.48692915295759404}, "fn": {"mean": 0.69, "sd": 0.46249324319388707}, "precision": {"mean": 0.2833333333333333, "sd": 0.4368447474027052}, "recall": {"mean": 0.31, "sd": 0.46249324319388707}, "f1_score": {"mean": 0.29166666666666663, "sd": 0.4418238713937187}, "runtime": {"mean": 36.044555282592775, "sd": 0.495800242027936}}