{"variables": {"c0.a": {"parents": []}, "c1.a": {"parents": []}, "i0.a": {"parents": []}}, "duration": 15.200000000000001, "runtime": 0.0022106170654296875}