{"tp": {"mean": 0.8, "sd": 0.4}, "fp": {"mean": 1.68, "sd": 1.3629380029920657}, "tn": {"mean": 3.32, "sd": 1.3629380029920657}, "fn": {"mean": 0.2, "sd": 0.4}, "precision": {"mean": 0.409, "sd": 0.33700824256322803}, "recall": {"mean": 0.8, "sd": 0.4}, "f1_score": {"mean": 0.5035238095238096, "sd": 0.33097849845557836}, "runtime": {"mean": 0.41300602436065675, "sd": 0.1154200510326177}}