{"tp": {"mean": 0.49, "sd": 0.49989998999799945}, "fp": {"mean": 2.51, "sd": 1.0535179163165664}, "tn": {"mean": 2.49, "sd": 1.0535179163165664}, "fn": {"mean": 0.51, "sd": 0.49989998999799945}, "precision": {"mean": 0.15199999999999997, "sd": 0.18101994979068528}, "recall": {"mean": 0.49, "sd": 0.49989998999799945}, "f1_score": {"mean": 0.22585714285714287, "sd": 0.24665403074824008}, "runtime": {"mean": 0.004077141284942627, "sd": 0.002223593645616247}}