{"tp": {"mean": 0.82, "sd": 0.38418745424597095}, "fp": {"mean": 1.27, "sd": 1.0474254150057656}, "tn": {"mean": 3.73, "sd": 1.0474254150057656}, "fn": {"mean": 0.18, "sd": 0.38418745424597095}, "precision": {"mean": 0.4543333333333333, "sd": 0.32922990953638065}, "recall": {"mean": 0.82, "sd": 0.38418745424597095}, "f1_score": {"mean": 0.5536666666666666, "sd": 0.32382762904565965}, "runtime": {"mean": 0.4720003867149353, "sd": 0.09416234929593678}}