{"tp": {"mean": 0.0, "sd": 0.0}, "fp": {"mean": 0.04, "sd": 0.19595917942265423}, "tn": {"mean": 4.96, "sd": 0.19595917942265423}, "fn": {"mean": 1.0, "sd": 0.0}, "precision": {"mean": 0.0, "sd": 0.0}, "recall": {"mean": 0.0, "sd": 0.0}, "f1_score": {"mean": 0.0, "sd": 0.0}, "runtime": {"mean": 36.086666126251224, "sd": 0.3723299193037487}}