{"tp": {"mean": 0.35, "sd": 0.4769696007084728}, "fp": {"mean": 0.28, "sd": 0.5670978751503131}, "tn": {"mean": 4.72, "sd": 0.5670978751503131}, "fn": {"mean": 0.65, "sd": 0.4769696007084728}, "precision": {"mean": 0.315, "sd": 0.44528081027594274}, "recall": {"mean": 0.35, "sd": 0.4769696007084728}, "f1_score": {"mean": 0.3266666666666667, "sd": 0.4521061822182927}, "runtime": {"mean": 35.95973108768463, "sd": 0.542054444075807}}