{"tp": {"mean": 0.22, "sd": 0.4142463035441596}, "fp": {"mean": 1.36, "sd": 1.6823792675850473}, "tn": {"mean": 3.64, "sd": 1.6823792675850473}, "fn": {"mean": 0.78, "sd": 0.4142463035441596}, "precision": {"mean": 0.056999999999999995, "sd": 0.1160023946112991}, "recall": {"mean": 0.22, "sd": 0.4142463035441596}, "f1_score": {"mean": 0.08876190476190476, "sd": 0.17476322822906165}, "runtime": {"mean": 9.239905543327332, "sd": 24.23436787976539}, "duration": {"mean": 20.064000000000004, "sd": 5.08058106912979}}