{"tp": {"mean": 0.2537313432835821, "sd": 0.4351456637944254}, "fp": {"mean": 0.8059701492537313, "sd": 0.7772666606741215}, "tn": {"mean": 4.1940298507462686, "sd": 0.7772666606741215}, "fn": {"mean": 0.746268656716418, "sd": 0.4351456637944254}, "precision": {"mean": 0.20024875621890548, "sd": 0.37352798471793436}, "recall": {"mean": 0.2537313432835821, "sd": 0.4351456637944254}, "f1_score": {"mean": 0.21492537313432833, "sd": 0.38436627354878083}, "runtime": {"mean": 31.669074713294187, "sd": 0.27975387753666753}}