{"tp": {"mean": 0.5, "sd": 0.5}, "fp": {"mean": 2.67, "sd": 1.1229870880824944}, "tn": {"mean": 2.33, "sd": 1.1229870880824944}, "fn": {"mean": 0.5, "sd": 0.5}, "precision": {"mean": 0.15816666666666668, "sd": 0.17753708532773274}, "recall": {"mean": 0.5, "sd": 0.5}, "f1_score": {"mean": 0.2348571428571428, "sd": 0.2512471206725731}, "runtime": {"mean": 0.00030624866485595703, "sd": 8.356591604210593e-05}}