{"variables": {"c0.a": {"parents": []}, "c1.a": {"parents": []}, "i0.a": {"parents": []}}, "duration": 12.200000000000001, "runtime": 0.0027832984924316406}