{"variables": {"c0.a": {"parents": []}, "c1.a": {"parents": []}, "i0.a": {"parents": []}}, "duration": 12.700000000000001, "runtime": 0.0028715133666992188}