{"tp": {"mean": 0.55, "sd": 0.49749371855331}, "fp": {"mean": 2.5, "sd": 1.0816653826391966}, "tn": {"mean": 2.5, "sd": 1.0816653826391966}, "fn": {"mean": 0.45, "sd": 0.4974937185533101}, "precision": {"mean": 0.18066666666666664, "sd": 0.20109036111493095}, "recall": {"mean": 0.55, "sd": 0.49749371855331}, "f1_score": {"mean": 0.26285714285714284, "sd": 0.2600218026790844}, "runtime": {"mean": 0.003932015895843506, "sd": 0.0019348711161509462}}