{"tp": {"mean": 0.14, "sd": 0.34698703145794946}, "fp": {"mean": 0.35, "sd": 0.6062177826491071}, "tn": {"mean": 4.65, "sd": 0.6062177826491072}, "fn": {"mean": 0.86, "sd": 0.34698703145794946}, "precision": {"mean": 0.135, "sd": 0.3380458548777074}, "recall": {"mean": 0.14, "sd": 0.34698703145794946}, "f1_score": {"mean": 0.13666666666666666, "sd": 0.34024500976012373}, "runtime": {"mean": 36.47539031744003, "sd": 0.374664994189252}}