{"tp": {"mean": 0.79, "sd": 0.4073082370883261}, "fp": {"mean": 1.7, "sd": 1.2767145334803705}, "tn": {"mean": 3.3, "sd": 1.2767145334803705}, "fn": {"mean": 0.21, "sd": 0.4073082370883261}, "precision": {"mean": 0.3846666666666667, "sd": 0.3037147784791953}, "recall": {"mean": 0.79, "sd": 0.4073082370883261}, "f1_score": {"mean": 0.4891904761904762, "sd": 0.3124955183352104}, "runtime": {"mean": 0.42823208808898927, "sd": 0.07911342231124001}}