{"tp": {"mean": 0.85, "sd": 0.3570714214271425}, "fp": {"mean": 0.89, "sd": 0.9787236586493657}, "tn": {"mean": 4.11, "sd": 0.9787236586493657}, "fn": {"mean": 0.15, "sd": 0.3570714214271425}, "precision": {"mean": 0.5619999999999999, "sd": 0.3595528086696337}, "recall": {"mean": 0.85, "sd": 0.3570714214271425}, "f1_score": {"mean": 0.6438571428571429, "sd": 0.33771762614844053}, "runtime": {"mean": 0.44644516468048095, "sd": 0.12205492432306365}}