{"tp": {"mean": 0.16417910447761194, "sd": 0.37043801928330916}, "fp": {"mean": 0.582089552238806, "sd": 0.7945571136839501}, "tn": {"mean": 4.417910447761194, "sd": 0.7945571136839501}, "fn": {"mean": 0.835820895522388, "sd": 0.37043801928330916}, "precision": {"mean": 0.11318407960199005, "sd": 0.2816608129368003}, "recall": {"mean": 0.16417910447761194, "sd": 0.37043801928330916}, "f1_score": {"mean": 0.12786069651741294, "sd": 0.3015491794484755}, "runtime": {"mean": 24.0041651476675, "sd": 0.3682600669947665}}