{"variables": {"c0.a": {"parents": ["c0.a"]}, "c1.a": {"parents": ["c1.a"]}, "i0.a": {"parents": ["i0.a"]}}, "duration": 11.600000000000001, "runtime": 0.08754444122314453}