{"tp": {"mean": 0.52, "sd": 0.4995998398718718}, "fp": {"mean": 2.41, "sd": 1.000949549178179}, "tn": {"mean": 2.59, "sd": 1.000949549178179}, "fn": {"mean": 0.48, "sd": 0.4995998398718718}, "precision": {"mean": 0.1728333333333333, "sd": 0.20024505819953045}, "recall": {"mean": 0.52, "sd": 0.4995998398718718}, "f1_score": {"mean": 0.25133333333333335, "sd": 0.2606155107518438}, "runtime": {"mean": 0.0040497899055480955, "sd": 0.0019686555771169746}}