{"tp": {"mean": 0.51, "sd": 0.4998999899979995}, "fp": {"mean": 2.44, "sd": 1.0983624174196784}, "tn": {"mean": 2.56, "sd": 1.0983624174196784}, "fn": {"mean": 0.49, "sd": 0.4998999899979995}, "precision": {"mean": 0.1653333333333333, "sd": 0.19911861344992896}, "recall": {"mean": 0.51, "sd": 0.4998999899979995}, "f1_score": {"mean": 0.24085714285714283, "sd": 0.2575606658607627}, "runtime": {"mean": 0.004316473007202148, "sd": 0.0018637217288244754}}