{"tp": {"mean": 0.46, "sd": 0.4983974317750845}, "fp": {"mean": 2.61, "sd": 1.1823282116231513}, "tn": {"mean": 2.39, "sd": 1.1823282116231513}, "fn": {"mean": 0.54, "sd": 0.49839743177508444}, "precision": {"mean": 0.1475, "sd": 0.18658294253346003}, "recall": {"mean": 0.46, "sd": 0.4983974317750845}, "f1_score": {"mean": 0.21671428571428572, "sd": 0.2525664143364941}, "runtime": {"mean": 0.008283095359802246, "sd": 0.0006203115479872876}}