{"tp": {"mean": 0.24, "sd": 0.42708313008125254}, "fp": {"mean": 0.28, "sd": 0.5844655678480984}, "tn": {"mean": 4.72, "sd": 0.5844655678480984}, "fn": {"mean": 0.76, "sd": 0.42708313008125254}, "precision": {"mean": 0.225, "sd": 0.4085033659592048}, "recall": {"mean": 0.24, "sd": 0.42708313008125254}, "f1_score": {"mean": 0.23, "sd": 0.41283572196859775}, "runtime": {"mean": 36.38474421977997, "sd": 0.4907768075612521}}