{"tp": {"mean": 0.4, "sd": 0.48989794855663565}, "fp": {"mean": 1.88, "sd": 0.9724196624914574}, "tn": {"mean": 3.12, "sd": 0.9724196624914574}, "fn": {"mean": 0.6, "sd": 0.48989794855663565}, "precision": {"mean": 0.17233333333333334, "sd": 0.2502578670092111}, "recall": {"mean": 0.4, "sd": 0.48989794855663565}, "f1_score": {"mean": 0.23066666666666663, "sd": 0.30323001903578817}, "runtime": {"mean": 24.30349760532379, "sd": 0.23845976507888975}}