{"tp": {"mean": 0.4626865671641791, "sd": 0.49860576383552435}, "fp": {"mean": 2.4776119402985075, "sd": 1.1376620298602689}, "tn": {"mean": 2.5223880597014925, "sd": 1.1376620298602689}, "fn": {"mean": 0.5373134328358209, "sd": 0.49860576383552435}, "precision": {"mean": 0.1425373134328358, "sd": 0.16852898786851578}, "recall": {"mean": 0.4626865671641791, "sd": 0.49860576383552435}, "f1_score": {"mean": 0.21378820184790334, "sd": 0.24339952857308583}, "runtime": {"mean": 0.001451830365764561, "sd": 0.00024744252446851745}}