{"tp": {"mean": 0.16, "sd": 0.36660605559646714}, "fp": {"mean": 1.08, "sd": 1.3392535234226566}, "tn": {"mean": 3.92, "sd": 1.3392535234226566}, "fn": {"mean": 0.84, "sd": 0.36660605559646714}, "precision": {"mean": 0.050666666666666665, "sd": 0.12092054324132759}, "recall": {"mean": 0.16, "sd": 0.36660605559646714}, "f1_score": {"mean": 0.076, "sd": 0.1781435126832047}, "runtime": {"mean": 9.172788305282593, "sd": 24.174227482290902}, "duration": {"mean": 20.064000000000004, "sd": 5.08058106912979}}