{"tp": {"mean": 0.52, "sd": 0.4995998398718718}, "fp": {"mean": 1.87, "sd": 0.9555626614722866}, "tn": {"mean": 3.13, "sd": 0.9555626614722866}, "fn": {"mean": 0.48, "sd": 0.4995998398718718}, "precision": {"mean": 0.2395, "sd": 0.29068554028938787}, "recall": {"mean": 0.52, "sd": 0.4995998398718718}, "f1_score": {"mean": 0.311, "sd": 0.3302542791378924}, "runtime": {"mean": 35.296420428752896, "sd": 0.44492774330454204}}