{"tp": {"mean": 0.1791044776119403, "sd": 0.3834397784676158}, "fp": {"mean": 0.7014925373134329, "sd": 0.7920298006818866}, "tn": {"mean": 4.298507462686567, "sd": 0.7920298006818866}, "fn": {"mean": 0.8208955223880597, "sd": 0.3834397784676158}, "precision": {"mean": 0.11567164179104478, "sd": 0.2799087833683631}, "recall": {"mean": 0.1791044776119403, "sd": 0.3834397784676158}, "f1_score": {"mean": 0.13283582089552237, "sd": 0.30077250110894627}, "runtime": {"mean": 53.33850249603613, "sd": 1.2425340834587333}}