{"tp": {"mean": 0.78, "sd": 0.41424630354415964}, "fp": {"mean": 2.25, "sd": 1.2678722333105965}, "tn": {"mean": 2.75, "sd": 1.2678722333105965}, "fn": {"mean": 0.22, "sd": 0.41424630354415964}, "precision": {"mean": 0.2858333333333334, "sd": 0.23893717212318016}, "recall": {"mean": 0.78, "sd": 0.41424630354415964}, "f1_score": {"mean": 0.3970952380952381, "sd": 0.2646016087212405}, "runtime": {"mean": 0.4361290383338928, "sd": 0.2634807806895346}}