{"tp": {"mean": 0.34, "sd": 0.4737087712930805}, "fp": {"mean": 0.43, "sd": 0.6364746656387825}, "tn": {"mean": 4.57, "sd": 0.6364746656387825}, "fn": {"mean": 0.66, "sd": 0.4737087712930805}, "precision": {"mean": 0.28833333333333333, "sd": 0.4248234927590517}, "recall": {"mean": 0.34, "sd": 0.4737087712930805}, "f1_score": {"mean": 0.305, "sd": 0.4352872614722375}, "runtime": {"mean": 35.98711358785629, "sd": 0.5330227689560784}}