{"tp": {"mean": 0.71, "sd": 0.4537620521815371}, "fp": {"mean": 1.11, "sd": 1.121561411604376}, "tn": {"mean": 3.89, "sd": 1.121561411604376}, "fn": {"mean": 0.29, "sd": 0.4537620521815371}, "precision": {"mean": 0.4341666666666667, "sd": 0.37094005954840975}, "recall": {"mean": 0.71, "sd": 0.4537620521815371}, "f1_score": {"mean": 0.5103333333333333, "sd": 0.3766429196054121}, "runtime": {"mean": 0.40974184036254885, "sd": 0.11401446903488784}}