{"tp": {"mean": 0.13, "sd": 0.3363034344160047}, "fp": {"mean": 0.17, "sd": 0.42555845661906433}, "tn": {"mean": 4.83, "sd": 0.4255584566190642}, "fn": {"mean": 0.87, "sd": 0.3363034344160047}, "precision": {"mean": 0.12333333333333332, "sd": 0.3254228019054595}, "recall": {"mean": 0.13, "sd": 0.3363034344160047}, "f1_score": {"mean": 0.125, "sd": 0.3269174207655505}, "runtime": {"mean": 36.441333155632016, "sd": 0.5247856217804864}}