{"variables": {"c0.a": {"parents": []}, "c1.a": {"parents": []}, "i0.a": {"parents": []}}, "duration": 13.600000000000001, "runtime": 0.0020546913146972656}