{"tp": {"mean": 0.46, "sd": 0.49839743177508455}, "fp": {"mean": 1.92, "sd": 0.8447484832777151}, "tn": {"mean": 3.08, "sd": 0.8447484832777151}, "fn": {"mean": 0.54, "sd": 0.49839743177508455}, "precision": {"mean": 0.16066666666666665, "sd": 0.18405192504049261}, "recall": {"mean": 0.46, "sd": 0.49839743177508455}, "f1_score": {"mean": 0.2353333333333333, "sd": 0.2628400443024025}, "runtime": {"mean": 54.0661130809784, "sd": 0.5783624515874021}}