{"tp": {"mean": 0.06, "sd": 0.23748684174075835}, "fp": {"mean": 0.19, "sd": 0.41701318923986097}, "tn": {"mean": 4.81, "sd": 0.41701318923986097}, "fn": {"mean": 0.94, "sd": 0.23748684174075835}, "precision": {"mean": 0.06, "sd": 0.23748684174075835}, "recall": {"mean": 0.06, "sd": 0.23748684174075835}, "f1_score": {"mean": 0.06, "sd": 0.23748684174075835}, "runtime": {"mean": 35.43733123779297, "sd": 0.3830387154565038}}