{"tp": {"mean": 0.64, "sd": 0.48}, "fp": {"mean": 2.39, "sd": 1.2481586437628829}, "tn": {"mean": 2.61, "sd": 1.2481586437628829}, "fn": {"mean": 0.36, "sd": 0.48}, "precision": {"mean": 0.22316666666666665, "sd": 0.23789464288022777}, "recall": {"mean": 0.64, "sd": 0.48}, "f1_score": {"mean": 0.31290476190476185, "sd": 0.27627609099965544}, "runtime": {"mean": 0.3749818229675293, "sd": 0.0636520571938994}}