{"tp": {"mean": 0.31, "sd": 0.462493243193887}, "fp": {"mean": 0.59, "sd": 0.6941901756723442}, "tn": {"mean": 4.41, "sd": 0.6941901756723442}, "fn": {"mean": 0.69, "sd": 0.4624932431938871}, "precision": {"mean": 0.23916666666666664, "sd": 0.3881321009370106}, "recall": {"mean": 0.31, "sd": 0.462493243193887}, "f1_score": {"mean": 0.2606666666666666, "sd": 0.4038531086092236}, "runtime": {"mean": 36.11944963932037, "sd": 0.46635323348745455}}