{"tp": {"mean": 0.51, "sd": 0.4998999899979995}, "fp": {"mean": 2.58, "sd": 1.1931470990619724}, "tn": {"mean": 2.42, "sd": 1.1931470990619724}, "fn": {"mean": 0.49, "sd": 0.4998999899979995}, "precision": {"mean": 0.15716666666666668, "sd": 0.17182444205900652}, "recall": {"mean": 0.51, "sd": 0.4998999899979995}, "f1_score": {"mean": 0.23538095238095239, "sd": 0.24570898388521484}, "runtime": {"mean": 0.004287922382354736, "sd": 0.001986625905403624}}