{"tp": {"mean": 0.56, "sd": 0.4963869458396343}, "fp": {"mean": 2.31, "sd": 1.3834377470634522}, "tn": {"mean": 2.69, "sd": 1.3834377470634522}, "fn": {"mean": 0.44, "sd": 0.4963869458396343}, "precision": {"mean": 0.19583333333333333, "sd": 0.23427636813530014}, "recall": {"mean": 0.56, "sd": 0.4963869458396343}, "f1_score": {"mean": 0.27414285714285713, "sd": 0.2803555039887394}, "runtime": {"mean": 0.3513237643241882, "sd": 0.1012023845897914}}