{"tp": {"mean": 0.44, "sd": 0.49638694583963433}, "fp": {"mean": 0.28, "sd": 0.5114684741017769}, "tn": {"mean": 4.72, "sd": 0.5114684741017769}, "fn": {"mean": 0.56, "sd": 0.4963869458396343}, "precision": {"mean": 0.38, "sd": 0.4534313619501854}, "recall": {"mean": 0.44, "sd": 0.49638694583963433}, "f1_score": {"mean": 0.4, "sd": 0.4618802153517006}, "runtime": {"mean": 35.943341822624205, "sd": 0.5166878941188751}}