{"tp": {"mean": 0.33, "sd": 0.47021271782034985}, "fp": {"mean": 0.25, "sd": 0.45552167895721496}, "tn": {"mean": 4.75, "sd": 0.45552167895721496}, "fn": {"mean": 0.67, "sd": 0.4702127178203499}, "precision": {"mean": 0.29, "sd": 0.431161222746202}, "recall": {"mean": 0.33, "sd": 0.47021271782034985}, "f1_score": {"mean": 0.30333333333333334, "sd": 0.43993686415717026}, "runtime": {"mean": 35.91937116146087, "sd": 0.5561374682808791}}