{"variables": {"c0.a": {"parents": []}, "c1.a": {"parents": ["i0.a", "c1.a"]}, "i0.a": {"parents": ["c1.a"]}}, "duration": 7.6000000000000005, "runtime": 53.226279735565186}