{"tp": {"mean": 0.67, "sd": 0.47021271782034985}, "fp": {"mean": 1.66, "sd": 1.4157683426323673}, "tn": {"mean": 3.34, "sd": 1.4157683426323673}, "fn": {"mean": 0.33, "sd": 0.47021271782034985}, "precision": {"mean": 0.3486666666666667, "sd": 0.34700848532692813}, "recall": {"mean": 0.67, "sd": 0.47021271782034985}, "f1_score": {"mean": 0.42661904761904756, "sd": 0.36018519738772375}, "runtime": {"mean": 0.43887043476104737, "sd": 0.5396898145762474}}