{"tp": {"mean": 0.16, "sd": 0.36660605559646725}, "fp": {"mean": 0.32, "sd": 0.5635601121442149}, "tn": {"mean": 4.68, "sd": 0.5635601121442149}, "fn": {"mean": 0.84, "sd": 0.36660605559646725}, "precision": {"mean": 0.13666666666666666, "sd": 0.3294608390149647}, "recall": {"mean": 0.16, "sd": 0.36660605559646725}, "f1_score": {"mean": 0.1433333333333333, "sd": 0.3366666666666667}, "runtime": {"mean": 36.230499811172486, "sd": 0.6902472401980186}}