{"tp": {"mean": 0.75, "sd": 0.4330127018922193}, "fp": {"mean": 0.93, "sd": 0.9407975340103736}, "tn": {"mean": 4.07, "sd": 0.9407975340103737}, "fn": {"mean": 0.25, "sd": 0.4330127018922193}, "precision": {"mean": 0.4920000000000001, "sd": 0.38460282543597274}, "recall": {"mean": 0.75, "sd": 0.4330127018922193}, "f1_score": {"mean": 0.5640000000000001, "sd": 0.37911241370103177}, "runtime": {"mean": 0.39966687440872195, "sd": 0.09622118001790174}}