{"tp": {"mean": 0.44, "sd": 0.4963869458396343}, "fp": {"mean": 2.51, "sd": 1.1357376457615553}, "tn": {"mean": 2.49, "sd": 1.1357376457615553}, "fn": {"mean": 0.56, "sd": 0.4963869458396343}, "precision": {"mean": 0.1408333333333333, "sd": 0.1848779627514083}, "recall": {"mean": 0.44, "sd": 0.4963869458396343}, "f1_score": {"mean": 0.20704761904761904, "sd": 0.25026107003408093}, "runtime": {"mean": 0.004307427406311035, "sd": 0.0019140434235141656}}