{"tp": {"mean": 0.36, "sd": 0.48000000000000004}, "fp": {"mean": 0.77, "sd": 0.690724257573165}, "tn": {"mean": 4.23, "sd": 0.690724257573165}, "fn": {"mean": 0.64, "sd": 0.48000000000000004}, "precision": {"mean": 0.26, "sd": 0.3817503547258776}, "recall": {"mean": 0.36, "sd": 0.48000000000000004}, "f1_score": {"mean": 0.2916666666666667, "sd": 0.40440285195169756}, "runtime": {"mean": 35.79556078672409, "sd": 0.3565239639308385}}