{"variables": {"c0.a": {"parents": []}, "c1.a": {"parents": []}, "i0.a": {"parents": []}}, "duration": 10.600000000000001, "runtime": 0.0016696453094482422}