{"variables": {"c0.a": {"parents": []}, "c1.a": {"parents": []}, "i0.a": {"parents": []}}, "duration": 11.700000000000001, "runtime": 0.0017228126525878906}