{"variables": {"c0.a": {"parents": []}, "c1.a": {"parents": []}, "i0.a": {"parents": []}}, "duration": 10.100000000000001, "runtime": 0.0016465187072753906}