{"variables": {"c0.a": {"parents": []}, "c1.a": {"parents": []}, "i0.a": {"parents": []}}, "duration": 10.200000000000001, "runtime": 0.0017404556274414062}