{"variables": {"c0.a": {"parents": []}, "c1.a": {"parents": []}, "i0.a": {"parents": []}}, "duration": 11.200000000000001, "runtime": 0.0017762184143066406}