{"tp": {"mean": 0.46, "sd": 0.49839743177508455}, "fp": {"mean": 2.32, "sd": 1.1034491379306979}, "tn": {"mean": 2.68, "sd": 1.1034491379306979}, "fn": {"mean": 0.54, "sd": 0.49839743177508455}, "precision": {"mean": 0.1406666666666667, "sd": 0.16753639737216638}, "recall": {"mean": 0.46, "sd": 0.49839743177508455}, "f1_score": {"mean": 0.21133333333333337, "sd": 0.2417170062513416}, "runtime": {"mean": 0.0034709930419921874, "sd": 0.0009011175382448541}}