{"tp": {"mean": 0.63, "sd": 0.4828043081829324}, "fp": {"mean": 1.25, "sd": 0.9205976319760985}, "tn": {"mean": 3.75, "sd": 0.9205976319760985}, "fn": {"mean": 0.37, "sd": 0.4828043081829324}, "precision": {"mean": 0.305, "sd": 0.2963247092858328}, "recall": {"mean": 0.63, "sd": 0.4828043081829324}, "f1_score": {"mean": 0.3936666666666666, "sd": 0.33382280728953595}, "runtime": {"mean": 0.3567108774185181, "sd": 0.058825887441104334}}