{"tp": {"mean": 0.88, "sd": 0.3249615361854384}, "fp": {"mean": 3.74, "sd": 1.091970695577496}, "tn": {"mean": 1.26, "sd": 1.091970695577496}, "fn": {"mean": 0.12, "sd": 0.3249615361854384}, "precision": {"mean": 0.19866666666666663, "sd": 0.09227615558143332}, "recall": {"mean": 0.88, "sd": 0.3249615361854384}, "f1_score": {"mean": 0.3208571428571429, "sd": 0.13877138249163426}, "runtime": {"mean": 0.30957229375839235, "sd": 0.03132611690257179}}