{"tp": {"mean": 0.28, "sd": 0.4489988864128729}, "fp": {"mean": 0.56, "sd": 0.6681317235396026}, "tn": {"mean": 4.44, "sd": 0.6681317235396026}, "fn": {"mean": 0.72, "sd": 0.4489988864128729}, "precision": {"mean": 0.23, "sd": 0.38999999999999996}, "recall": {"mean": 0.28, "sd": 0.4489988864128729}, "f1_score": {"mean": 0.24666666666666667, "sd": 0.40447496832313373}, "runtime": {"mean": 35.59877085924148, "sd": 0.37750881806896697}}