{"tp": {"mean": 0.46, "sd": 0.49839743177508444}, "fp": {"mean": 1.16, "sd": 0.9243376006633074}, "tn": {"mean": 3.84, "sd": 0.9243376006633074}, "fn": {"mean": 0.54, "sd": 0.49839743177508444}, "precision": {"mean": 0.2766666666666666, "sd": 0.3521521135973929}, "recall": {"mean": 0.46, "sd": 0.49839743177508444}, "f1_score": {"mean": 0.3299999999999999, "sd": 0.38223029707232786}, "runtime": {"mean": 35.43612094640732, "sd": 0.3903857770274303}}