{"tp": {"mean": 0.56, "sd": 0.4963869458396343}, "fp": {"mean": 2.39, "sd": 1.0853110153315502}, "tn": {"mean": 2.61, "sd": 1.0853110153315502}, "fn": {"mean": 0.44, "sd": 0.4963869458396343}, "precision": {"mean": 0.19166666666666665, "sd": 0.21534855467358027}, "recall": {"mean": 0.56, "sd": 0.4963869458396343}, "f1_score": {"mean": 0.2745238095238095, "sd": 0.2686544746647068}, "runtime": {"mean": 0.004252171516418457, "sd": 0.0021693281286559916}}