{"variables": {"c0.a": {"parents": []}, "c1.a": {"parents": ["c0.a"]}, "i0.a": {"parents": []}}, "duration": 10.700000000000001, "runtime": 0.12656235694885254}