{"variables": {"c0.a": {"parents": ["c1.a"]}, "c1.a": {"parents": []}, "i0.a": {"parents": ["c0.a"]}}, "duration": 12.700000000000001, "runtime": 0.13121652603149414}