{"tp": {"mean": 0.51, "sd": 0.49989998999799945}, "fp": {"mean": 2.38, "sd": 1.0656453443805776}, "tn": {"mean": 2.62, "sd": 1.0656453443805776}, "fn": {"mean": 0.49, "sd": 0.49989998999799945}, "precision": {"mean": 0.17933333333333334, "sd": 0.20462866096636825}, "recall": {"mean": 0.51, "sd": 0.49989998999799945}, "f1_score": {"mean": 0.25752380952380954, "sd": 0.2724947148377606}, "runtime": {"mean": 0.004028005599975586, "sd": 0.0021458586847835272}}