{"tp": {"mean": 0.04, "sd": 0.19595917942265426}, "fp": {"mean": 0.17, "sd": 0.44844174649557333}, "tn": {"mean": 4.83, "sd": 0.4484417464955733}, "fn": {"mean": 0.96, "sd": 0.19595917942265426}, "precision": {"mean": 0.03333333333333333, "sd": 0.17320508075688773}, "recall": {"mean": 0.04, "sd": 0.19595917942265426}, "f1_score": {"mean": 0.035, "sd": 0.17684739183827394}, "runtime": {"mean": 35.6590707039833, "sd": 0.37649626083547216}}