{"tp": {"mean": 0.13432835820895522, "sd": 0.34100476593420487}, "fp": {"mean": 0.43283582089552236, "sd": 0.5247282337685656}, "tn": {"mean": 4.567164179104478, "sd": 0.5247282337685656}, "fn": {"mean": 0.8656716417910447, "sd": 0.3410047659342048}, "precision": {"mean": 0.08706467661691543, "sd": 0.23981441303472692}, "recall": {"mean": 0.13432835820895522, "sd": 0.34100476593420487}, "f1_score": {"mean": 0.10199004975124377, "sd": 0.26697001384494284}, "runtime": {"mean": 0.25915779284576873, "sd": 0.061020455800766114}}