{"tp": {"mean": 0.11940298507462686, "sd": 0.3242621042149318}, "fp": {"mean": 0.47761194029850745, "sd": 0.698788054371321}, "tn": {"mean": 4.522388059701493, "sd": 0.6987880543713209}, "fn": {"mean": 0.8805970149253731, "sd": 0.3242621042149318}, "precision": {"mean": 0.08706467661691542, "sd": 0.25489927278506463}, "recall": {"mean": 0.11940298507462686, "sd": 0.3242621042149318}, "f1_score": {"mean": 0.09701492537313433, "sd": 0.2718849712436833}, "runtime": {"mean": 9.115232823499992, "sd": 0.2490103740870046}}