{"tp": {"mean": 0.74, "sd": 0.4386342439892262}, "fp": {"mean": 1.19, "sd": 1.1721348045340179}, "tn": {"mean": 3.81, "sd": 1.1721348045340179}, "fn": {"mean": 0.26, "sd": 0.4386342439892262}, "precision": {"mean": 0.42883333333333334, "sd": 0.35977504545664823}, "recall": {"mean": 0.74, "sd": 0.4386342439892262}, "f1_score": {"mean": 0.5116666666666666, "sd": 0.36105939800660064}, "runtime": {"mean": 0.38556503772735595, "sd": 0.11160158206823556}}