{"tp": {"mean": 0.7, "sd": 0.45825756949558394}, "fp": {"mean": 1.39, "sd": 1.1991246807567593}, "tn": {"mean": 3.61, "sd": 1.1991246807567593}, "fn": {"mean": 0.3, "sd": 0.45825756949558394}, "precision": {"mean": 0.38116666666666665, "sd": 0.34425971300749086}, "recall": {"mean": 0.7, "sd": 0.45825756949558394}, "f1_score": {"mean": 0.46552380952380945, "sd": 0.3561421663189933}, "runtime": {"mean": 1.181997299194336, "sd": 7.821679507250707}}