{"tp": {"mean": 0.52, "sd": 0.4995998398718718}, "fp": {"mean": 2.68, "sd": 1.121427661510095}, "tn": {"mean": 2.32, "sd": 1.121427661510095}, "fn": {"mean": 0.48, "sd": 0.4995998398718718}, "precision": {"mean": 0.1673333333333333, "sd": 0.20033194675060909}, "recall": {"mean": 0.52, "sd": 0.4995998398718718}, "f1_score": {"mean": 0.24352380952380948, "sd": 0.2579862887249398}, "runtime": {"mean": 0.04135291814804077, "sd": 0.0006449191171768908}}