{"tp": {"mean": 0.46, "sd": 0.49839743177508455}, "fp": {"mean": 2.16, "sd": 1.1723480711802277}, "tn": {"mean": 2.84, "sd": 1.1723480711802277}, "fn": {"mean": 0.54, "sd": 0.49839743177508455}, "precision": {"mean": 0.13766666666666666, "sd": 0.1872256511390585}, "recall": {"mean": 0.46, "sd": 0.49839743177508455}, "f1_score": {"mean": 0.20333333333333337, "sd": 0.24195959258612676}, "runtime": {"mean": 2.916678161621094, "sd": 11.383200277062606}}