{"tp": {"mean": 0.08955223880597014, "sd": 0.2855392010404327}, "fp": {"mean": 0.6865671641791045, "sd": 0.8674711096549488}, "tn": {"mean": 4.313432835820896, "sd": 0.8674711096549488}, "fn": {"mean": 0.9104477611940298, "sd": 0.28553920104043273}, "precision": {"mean": 0.05970149253731343, "sd": 0.20300702251843947}, "recall": {"mean": 0.08955223880597014, "sd": 0.2855392010404327}, "f1_score": {"mean": 0.06965174129353233, "sd": 0.22700964271740962}, "runtime": {"mean": 52.89205494923378, "sd": 0.5133157824256057}}