{"tp": {"mean": 0.5023390510135888, "sd": 0.49999452881042195}, "fp": {"mean": 2.515036756515928, "sd": 1.106818316273452}, "tn": {"mean": 2.484963243484072, "sd": 1.106818316273452}, "fn": {"mean": 0.4976609489864112, "sd": 0.49999452881042195}, "precision": {"mean": 0.1628387911190317, "sd": 0.1946819326511415}, "recall": {"mean": 0.5023390510135888, "sd": 0.49999452881042195}, "f1_score": {"mean": 0.23797218597842343, "sd": 0.2569828926991159}, "runtime": {"mean": 0.0026790789278930745, "sd": 0.0017432220710886736}}