{"tp": {"mean": 0.09, "sd": 0.2861817604250837}, "fp": {"mean": 0.39, "sd": 0.5982474404458408}, "tn": {"mean": 4.61, "sd": 0.5982474404458409}, "fn": {"mean": 0.91, "sd": 0.2861817604250837}, "precision": {"mean": 0.07833333333333332, "sd": 0.2597595041572108}, "recall": {"mean": 0.09, "sd": 0.2861817604250837}, "f1_score": {"mean": 0.08166666666666667, "sd": 0.2650943228362312}, "runtime": {"mean": 35.758111543655396, "sd": 0.675530741530851}}