{"tp": {"mean": 0.19, "sd": 0.39230090491866065}, "fp": {"mean": 0.19, "sd": 0.46249324319388724}, "tn": {"mean": 4.81, "sd": 0.4624932431938872}, "fn": {"mean": 0.81, "sd": 0.39230090491866065}, "precision": {"mean": 0.18, "sd": 0.37762415176998415}, "recall": {"mean": 0.19, "sd": 0.39230090491866065}, "f1_score": {"mean": 0.18333333333333332, "sd": 0.3811532208676424}, "runtime": {"mean": 36.32370444536209, "sd": 1.1393424777342833}}