{"tp": {"mean": 0.53, "sd": 0.4990991885387111}, "fp": {"mean": 2.51, "sd": 1.004937809021036}, "tn": {"mean": 2.49, "sd": 1.004937809021036}, "fn": {"mean": 0.47, "sd": 0.4990991885387111}, "precision": {"mean": 0.16666666666666663, "sd": 0.18234582528810467}, "recall": {"mean": 0.53, "sd": 0.4990991885387111}, "f1_score": {"mean": 0.24752380952380953, "sd": 0.2489387725358493}, "runtime": {"mean": 0.003989465236663818, "sd": 0.0019733335311888757}}