{"tp": {"mean": 0.08955223880597014, "sd": 0.2855392010404327}, "fp": {"mean": 0.11940298507462686, "sd": 0.3242621042149318}, "tn": {"mean": 4.880597014925373, "sd": 0.32426210421493185}, "fn": {"mean": 0.9104477611940298, "sd": 0.28553920104043273}, "precision": {"mean": 0.06716417910447761, "sd": 0.22684603214284574}, "recall": {"mean": 0.08955223880597014, "sd": 0.2855392010404327}, "f1_score": {"mean": 0.07462686567164178, "sd": 0.24312023329095753}, "runtime": {"mean": 0.03900604817404676, "sd": 0.007047633644937514}}