{"tp": {"mean": 0.78, "sd": 0.41424630354415964}, "fp": {"mean": 1.07, "sd": 1.088622983406101}, "tn": {"mean": 3.93, "sd": 1.088622983406101}, "fn": {"mean": 0.22, "sd": 0.41424630354415964}, "precision": {"mean": 0.47450000000000003, "sd": 0.3631073838717993}, "recall": {"mean": 0.78, "sd": 0.41424630354415964}, "f1_score": {"mean": 0.5581904761904761, "sd": 0.35611444311996027}, "runtime": {"mean": 0.4843213891983032, "sd": 0.4734259958519745}}