{"tp": {"mean": 0.77, "sd": 0.4208325082500163}, "fp": {"mean": 0.98, "sd": 0.94847245611035}, "tn": {"mean": 4.02, "sd": 0.9484724561103501}, "fn": {"mean": 0.23, "sd": 0.4208325082500163}, "precision": {"mean": 0.46833333333333327, "sd": 0.3566394070579787}, "recall": {"mean": 0.77, "sd": 0.4208325082500163}, "f1_score": {"mean": 0.5539999999999999, "sd": 0.35498920171370474}, "runtime": {"mean": 0.8140693974494934, "sd": 0.2957357348419917}}