{"tp": {"mean": 0.83, "sd": 0.375632799419859}, "fp": {"mean": 1.1, "sd": 1.1958260743101397}, "tn": {"mean": 3.9, "sd": 1.1958260743101397}, "fn": {"mean": 0.17, "sd": 0.375632799419859}, "precision": {"mean": 0.5253333333333333, "sd": 0.3645505604317611}, "recall": {"mean": 0.83, "sd": 0.375632799419859}, "f1_score": {"mean": 0.6080476190476191, "sd": 0.3465860025200919}, "runtime": {"mean": 0.6296745896339416, "sd": 1.4682030721227337}}