{"tp": {"mean": 0.53, "sd": 0.49909918853871116}, "fp": {"mean": 1.7, "sd": 1.4106735979665883}, "tn": {"mean": 3.3, "sd": 1.4106735979665885}, "fn": {"mean": 0.47, "sd": 0.49909918853871116}, "precision": {"mean": 0.255, "sd": 0.31693409760109786}, "recall": {"mean": 0.53, "sd": 0.49909918853871116}, "f1_score": {"mean": 0.3211904761904762, "sd": 0.34566795898445773}, "runtime": {"mean": 0.3428795742988586, "sd": 0.08623308494721345}}