{"tp": {"mean": 0.56, "sd": 0.4963869458396343}, "fp": {"mean": 2.44, "sd": 1.125344391730816}, "tn": {"mean": 2.56, "sd": 1.125344391730816}, "fn": {"mean": 0.44, "sd": 0.4963869458396343}, "precision": {"mean": 0.1838333333333333, "sd": 0.20072721954599645}, "recall": {"mean": 0.56, "sd": 0.4963869458396343}, "f1_score": {"mean": 0.2676666666666666, "sd": 0.2595489677626684}, "runtime": {"mean": 0.003989131450653076, "sd": 0.0022016067180316043}}