{"tp": {"mean": 0.07462686567164178, "sd": 0.262788311368045}, "fp": {"mean": 0.2537313432835821, "sd": 0.4681906609360633}, "tn": {"mean": 4.746268656716418, "sd": 0.4681906609360633}, "fn": {"mean": 0.9253731343283582, "sd": 0.262788311368045}, "precision": {"mean": 0.05223880597014925, "sd": 0.19574443356125373}, "recall": {"mean": 0.07462686567164178, "sd": 0.262788311368045}, "f1_score": {"mean": 0.059701492537313425, "sd": 0.2149115529000515}, "runtime": {"mean": 0.14520831606281337, "sd": 0.02677092315393138}, "duration": {"mean": 12.276119402985074, "sd": 2.3436856770708623}}