{"tp": {"mean": 0.1791044776119403, "sd": 0.3834397784676158}, "fp": {"mean": 0.6567164179104478, "sd": 0.7639691875862523}, "tn": {"mean": 4.343283582089552, "sd": 0.7639691875862524}, "fn": {"mean": 0.8208955223880597, "sd": 0.3834397784676158}, "precision": {"mean": 0.12810945273631838, "sd": 0.3010926612747281}, "recall": {"mean": 0.1791044776119403, "sd": 0.3834397784676158}, "f1_score": {"mean": 0.1427860696517413, "sd": 0.3190889794206363}, "runtime": {"mean": 39.30304958927098, "sd": 0.49556169262145705}}