{"tp": {"mean": 0.25, "sd": 0.4330127018922193}, "fp": {"mean": 0.32, "sd": 0.5979966555090422}, "tn": {"mean": 4.68, "sd": 0.5979966555090422}, "fn": {"mean": 0.75, "sd": 0.4330127018922193}, "precision": {"mean": 0.19833333333333333, "sd": 0.366435533211505}, "recall": {"mean": 0.25, "sd": 0.4330127018922193}, "f1_score": {"mean": 0.215, "sd": 0.3824591481452627}, "runtime": {"mean": 36.81791651248932, "sd": 0.49200303527235567}}