{"tp": {"mean": 0.63, "sd": 0.4828043081829324}, "fp": {"mean": 1.66, "sd": 1.0219589032832972}, "tn": {"mean": 3.34, "sd": 1.0219589032832974}, "fn": {"mean": 0.37, "sd": 0.4828043081829324}, "precision": {"mean": 0.2821666666666667, "sd": 0.271254851467111}, "recall": {"mean": 0.63, "sd": 0.4828043081829324}, "f1_score": {"mean": 0.3746666666666667, "sd": 0.31752935122424336}, "runtime": {"mean": 0.3460436487197876, "sd": 0.055270727312277744}}