{"tp": {"mean": 0.89, "sd": 0.31288975694324034}, "fp": {"mean": 2.1, "sd": 1.307669683062202}, "tn": {"mean": 2.9, "sd": 1.307669683062202}, "fn": {"mean": 0.11, "sd": 0.31288975694324034}, "precision": {"mean": 0.3611666666666667, "sd": 0.2560387882941003}, "recall": {"mean": 0.89, "sd": 0.31288975694324034}, "f1_score": {"mean": 0.48457142857142854, "sd": 0.2532797293807634}, "runtime": {"mean": 0.3749679374694824, "sd": 0.04885034209211646}}