{"tp": {"mean": 0.22, "sd": 0.4142463035441596}, "fp": {"mean": 1.32, "sd": 1.5929846201391902}, "tn": {"mean": 3.68, "sd": 1.5929846201391902}, "fn": {"mean": 0.78, "sd": 0.4142463035441596}, "precision": {"mean": 0.061, "sd": 0.126517895089105}, "recall": {"mean": 0.22, "sd": 0.4142463035441596}, "f1_score": {"mean": 0.09304761904761906, "sd": 0.18504448199678994}, "runtime": {"mean": 9.21946255683899, "sd": 24.208972249456995}, "duration": {"mean": 20.064000000000004, "sd": 5.08058106912979}}