{"tp": {"mean": 0.5, "sd": 0.5}, "fp": {"mean": 2.48, "sd": 1.1178550889985697}, "tn": {"mean": 2.52, "sd": 1.1178550889985697}, "fn": {"mean": 0.5, "sd": 0.5}, "precision": {"mean": 0.1628333333333333, "sd": 0.19194696894947022}, "recall": {"mean": 0.5, "sd": 0.5}, "f1_score": {"mean": 0.2381904761904762, "sd": 0.2579695529504075}, "runtime": {"mean": 0.0027976751327514647, "sd": 0.0003002869093754765}}