{"tp": {"mean": 0.02, "sd": 0.13999999999999999}, "fp": {"mean": 0.09, "sd": 0.2861817604250837}, "tn": {"mean": 4.91, "sd": 0.28618176042508375}, "fn": {"mean": 0.98, "sd": 0.13999999999999999}, "precision": {"mean": 0.02, "sd": 0.13999999999999999}, "recall": {"mean": 0.02, "sd": 0.13999999999999999}, "f1_score": {"mean": 0.02, "sd": 0.13999999999999999}, "runtime": {"mean": 35.98500770092011, "sd": 0.489706828505784}}