{"tp": {"mean": 0.08, "sd": 0.2712931993250107}, "fp": {"mean": 0.14, "sd": 0.3746998799039039}, "tn": {"mean": 4.86, "sd": 0.37469987990390397}, "fn": {"mean": 0.92, "sd": 0.2712931993250107}, "precision": {"mean": 0.06833333333333333, "sd": 0.24277904906862668}, "recall": {"mean": 0.08, "sd": 0.2712931993250107}, "f1_score": {"mean": 0.07166666666666666, "sd": 0.24861281811952762}, "runtime": {"mean": 35.79453355550766, "sd": 0.44566336377489246}}