{"tp": {"mean": 0.08955223880597014, "sd": 0.2855392010404327}, "fp": {"mean": 0.19402985074626866, "sd": 0.46484810454917724}, "tn": {"mean": 4.8059701492537314, "sd": 0.4648481045491772}, "fn": {"mean": 0.9104477611940298, "sd": 0.2855392010404327}, "precision": {"mean": 0.07462686567164178, "sd": 0.2481834201241178}, "recall": {"mean": 0.08955223880597014, "sd": 0.2855392010404327}, "f1_score": {"mean": 0.07960199004975124, "sd": 0.2581317765387632}, "runtime": {"mean": 0.1480583504064759, "sd": 0.027031296334331024}, "duration": {"mean": 12.276119402985074, "sd": 2.3436856770708623}}