{"tp": {"mean": 0.52, "sd": 0.49959983987187184}, "fp": {"mean": 2.59, "sd": 1.0108906963663282}, "tn": {"mean": 2.41, "sd": 1.0108906963663282}, "fn": {"mean": 0.48, "sd": 0.49959983987187184}, "precision": {"mean": 0.152, "sd": 0.15939608248357648}, "recall": {"mean": 0.52, "sd": 0.49959983987187184}, "f1_score": {"mean": 0.2317142857142857, "sd": 0.23382573893922837}, "runtime": {"mean": 0.004078118801116943, "sd": 0.0021407645952436515}}