{"tp": {"mean": 0.029850746268656716, "sd": 0.17017543658196088}, "fp": {"mean": 0.014925373134328358, "sd": 0.12125430454680536}, "tn": {"mean": 4.985074626865671, "sd": 0.1212543045468054}, "fn": {"mean": 0.9701492537313433, "sd": 0.17017543658196088}, "precision": {"mean": 0.029850746268656716, "sd": 0.17017543658196088}, "recall": {"mean": 0.029850746268656716, "sd": 0.17017543658196088}, "f1_score": {"mean": 0.029850746268656716, "sd": 0.17017543658196088}, "runtime": {"mean": 0.11296758722903123, "sd": 0.020841950997654814}, "duration": {"mean": 12.276119402985074, "sd": 2.3436856770708623}}