{"tp": {"mean": 0.4, "sd": 0.4898979485566356}, "fp": {"mean": 2.53, "sd": 1.062591172558854}, "tn": {"mean": 2.47, "sd": 1.062591172558854}, "fn": {"mean": 0.6, "sd": 0.4898979485566356}, "precision": {"mean": 0.13249999999999998, "sd": 0.19821950515078535}, "recall": {"mean": 0.4, "sd": 0.4898979485566356}, "f1_score": {"mean": 0.1905238095238095, "sd": 0.254460876891676}, "runtime": {"mean": 0.004611120223999023, "sd": 0.002138697355568063}}