{"tp": {"mean": 0.5, "sd": 0.5}, "fp": {"mean": 1.96, "sd": 0.9583318840568752}, "tn": {"mean": 3.04, "sd": 0.9583318840568752}, "fn": {"mean": 0.5, "sd": 0.5}, "precision": {"mean": 0.20733333333333334, "sd": 0.2495141946529963}, "recall": {"mean": 0.5, "sd": 0.5}, "f1_score": {"mean": 0.282, "sd": 0.3045003192846346}, "runtime": {"mean": 39.150529961585995, "sd": 0.48583797232434806}}