{"tp": {"mean": 0.48, "sd": 0.4995998398718718}, "fp": {"mean": 0.37, "sd": 0.5942221806698231}, "tn": {"mean": 4.63, "sd": 0.5942221806698231}, "fn": {"mean": 0.52, "sd": 0.4995998398718718}, "precision": {"mean": 0.3825, "sd": 0.43510774527696006}, "recall": {"mean": 0.48, "sd": 0.4995998398718718}, "f1_score": {"mean": 0.414, "sd": 0.44744161630317764}, "runtime": {"mean": 36.36787872314453, "sd": 0.5554453376760451}}