{"tp": {"mean": 0.42, "sd": 0.49355850717012273}, "fp": {"mean": 1.21, "sd": 0.8519976525789258}, "tn": {"mean": 3.79, "sd": 0.8519976525789258}, "fn": {"mean": 0.58, "sd": 0.49355850717012273}, "precision": {"mean": 0.24166666666666667, "sd": 0.331767153956573}, "recall": {"mean": 0.42, "sd": 0.49355850717012273}, "f1_score": {"mean": 0.293, "sd": 0.36722064212132743}, "runtime": {"mean": 35.71856383800507, "sd": 0.32641335652518544}}