{"tp": {"mean": 0.34, "sd": 0.47370877129308037}, "fp": {"mean": 1.36, "sd": 0.8662563131083086}, "tn": {"mean": 3.64, "sd": 0.8662563131083085}, "fn": {"mean": 0.66, "sd": 0.4737087712930804}, "precision": {"mean": 0.18, "sd": 0.2740437921208944}, "recall": {"mean": 0.34, "sd": 0.47370877129308037}, "f1_score": {"mean": 0.2293333333333333, "sd": 0.33069892315787447}, "runtime": {"mean": 20.969006490707397, "sd": 0.24435850087893565}}