{"variables": {"c0.a": {"parents": ["c0.a"]}, "c1.a": {"parents": ["c0.a"]}, "i0.a": {"parents": []}}, "duration": 39.900000000000006, "runtime": 38.46666193008423}