{"variables": {"c0.a": {"parents": ["c0.a"]}, "c1.a": {"parents": ["c1.a"]}, "i0.a": {"parents": ["c1.a"]}}, "duration": 49.900000000000006, "runtime": 38.205222606658936}