{"variables": {"c0.a": {"parents": []}, "c1.a": {"parents": ["c1.a"]}, "i0.a": {"parents": ["i0.a"]}}, "duration": 29.900000000000002, "runtime": 39.091052532196045}