{"variables": {"c0.a": {"parents": ["c0.a"]}, "c1.a": {"parents": []}, "i0.a": {"parents": ["i0.a", "c0.a"]}}, "duration": 49.900000000000006, "runtime": 37.596750020980835}