{"variables": {"c0.a": {"parents": ["c0.a"]}, "c1.a": {"parents": []}, "i0.a": {"parents": []}}, "duration": 19.900000000000002, "runtime": 39.66650366783142}