{"variables": {"c0.a": {"parents": []}, "c1.a": {"parents": []}, "i0.a": {"parents": ["i0.a", "c1.a"]}}, "duration": 39.900000000000006, "runtime": 38.62473177909851}