{"variables": {"c0.a": {"parents": []}, "c1.a": {"parents": []}, "i0.a": {"parents": []}}, "duration": 29.900000000000002, "runtime": 37.34400296211243}