{"variables": {"c0.a": {"parents": []}, "c1.a": {"parents": []}, "i0.a": {"parents": ["i0.a"]}}, "duration": 59.900000000000006, "runtime": 38.76140880584717}