{"variables": {"c0.a": {"parents": ["c1.a"]}, "c1.a": {"parents": ["c1.a"]}, "i0.a": {"parents": ["c1.a"]}}, "duration": 19.900000000000002, "runtime": 39.001158475875854}