{"variables": {"c0.a": {"parents": []}, "c1.a": {"parents": ["c0.a"]}, "i0.a": {"parents": []}}, "duration": 29.900000000000002, "runtime": 37.57308530807495}