{"variables": {"c0.a": {"parents": []}, "c1.a": {"parents": ["c1.a"]}, "i0.a": {"parents": []}}, "duration": 49.900000000000006, "runtime": 37.63168287277222}