{"variables": {"c0.a": {"parents": ["c1.a"]}, "c1.a": {"parents": ["c1.a"]}, "i0.a": {"parents": []}}, "duration": 39.900000000000006, "runtime": 39.804322481155396}