{"variables": {"c0.a": {"parents": []}, "c1.a": {"parents": ["c1.a"]}, "i0.a": {"parents": ["i0.a"]}}, "duration": 59.900000000000006, "runtime": 37.40229249000549}