{"variables": {"c0.a": {"parents": ["i0.a"]}, "c1.a": {"parents": []}, "i0.a": {"parents": ["i0.a"]}}, "duration": 49.900000000000006, "runtime": 38.21926403045654}