{"variables": {"c0.a": {"parents": []}, "c1.a": {"parents": ["i0.a"]}, "i0.a": {"parents": ["i0.a"]}}, "duration": 39.900000000000006, "runtime": 38.45125985145569}