{"variables": {"c0.a": {"parents": ["i0.a"]}, "c1.a": {"parents": []}, "i0.a": {"parents": ["i0.a"]}}, "duration": 39.900000000000006, "runtime": 39.08600425720215}