{"variables": {"c0.a": {"parents": ["c1.a"]}, "c1.a": {"parents": ["c1.a"]}, "i0.a": {"parents": []}}, "duration": 59.900000000000006, "runtime": 38.35787057876587}