{"variables": {"c0.a": {"parents": []}, "c1.a": {"parents": ["c1.a", "c0.a"]}, "i0.a": {"parents": []}}, "duration": 29.900000000000002, "runtime": 37.812193632125854}