{"variables": {"c0.a": {"parents": ["c0.a"]}, "c1.a": {"parents": ["c0.a"]}, "i0.a": {"parents": ["i0.a"]}}, "duration": 49.900000000000006, "runtime": 38.420433044433594}