{"variables": {"c0.a": {"parents": []}, "c1.a": {"parents": ["c0.a"]}, "i0.a": {"parents": []}}, "duration": 19.900000000000002, "runtime": 38.233240365982056}