{"variables": {"c0.a": {"parents": ["c1.a"]}, "c1.a": {"parents": []}, "i0.a": {"parents": []}}, "duration": 39.900000000000006, "runtime": 37.651326417922974}