{"variables": {"c0.a": {"parents": ["c1.a"]}, "c1.a": {"parents": []}, "i0.a": {"parents": ["c0.a"]}}, "duration": 19.900000000000002, "runtime": 39.45023441314697}