{"variables": {"c0.a": {"parents": ["c0.a"]}, "c1.a": {"parents": ["i0.a"]}, "i0.a": {"parents": ["c0.a"]}}, "duration": 19.900000000000002, "runtime": 40.076749324798584}