{"variables": {"c0.a": {"parents": []}, "c1.a": {"parents": ["c1.a"]}, "i0.a": {"parents": ["c1.a"]}}, "duration": 39.900000000000006, "runtime": 38.672508001327515}