{"variables": {"c0.a": {"parents": []}, "c1.a": {"parents": ["c1.a"]}, "i0.a": {"parents": ["c1.a"]}}, "duration": 19.900000000000002, "runtime": 38.85829401016235}