{"variables": {"c0.a": {"parents": []}, "c1.a": {"parents": []}, "i0.a": {"parents": ["i0.a"]}}, "duration": 19.900000000000002, "runtime": 37.31902551651001}