{"variables": {"c0.a": {"parents": []}, "c1.a": {"parents": ["c1.a", "c0.a"]}, "i0.a": {"parents": []}}, "duration": 59.900000000000006, "runtime": 40.070340156555176}