{"variables": {"c0.a": {"parents": []}, "c1.a": {"parents": []}, "i0.a": {"parents": ["i0.a", "c1.a"]}}, "duration": 29.900000000000002, "runtime": 38.74986457824707}