{"variables": {"c0.a": {"parents": ["c0.a"]}, "c1.a": {"parents": []}, "i0.a": {"parents": ["i0.a"]}}, "duration": 59.900000000000006, "runtime": 39.291869163513184}