{"variables": {"c0.a": {"parents": ["c0.a"]}, "c1.a": {"parents": []}, "i0.a": {"parents": ["i0.a"]}}, "duration": 39.900000000000006, "runtime": 37.890302896499634}