{"variables": {"c0.a": {"parents": []}, "c1.a": {"parents": ["c1.a", "c0.a"]}, "i0.a": {"parents": ["i0.a"]}}, "duration": 19.900000000000002, "runtime": 37.317301511764526}