{"tp": {"mean": 0.53, "sd": 0.4990991885387111}, "fp": {"mean": 0.44, "sd": 0.6053098380168622}, "tn": {"mean": 4.56, "sd": 0.6053098380168623}, "fn": {"mean": 0.47, "sd": 0.4990991885387111}, "precision": {"mean": 0.41833333333333333, "sd": 0.43811147744229056}, "recall": {"mean": 0.53, "sd": 0.4990991885387111}, "f1_score": {"mean": 0.4533333333333333, "sd": 0.4472632831391868}, "runtime": {"mean": 0.6247339177131653, "sd": 0.14261193978579564}}