{"tp": {"mean": 0.36, "sd": 0.48}, "fp": {"mean": 1.82, "sd": 0.8646386528486915}, "tn": {"mean": 3.18, "sd": 0.8646386528486915}, "fn": {"mean": 0.64, "sd": 0.48}, "precision": {"mean": 0.15733333333333333, "sd": 0.24763683086326232}, "recall": {"mean": 0.36, "sd": 0.48}, "f1_score": {"mean": 0.2093333333333333, "sd": 0.29874106216290763}, "runtime": {"mean": 9.099696822166443, "sd": 0.13725190250110852}}