{"tp": {"mean": 0.42, "sd": 0.49355850717012273}, "fp": {"mean": 2.5, "sd": 1.004987562112089}, "tn": {"mean": 2.5, "sd": 1.004987562112089}, "fn": {"mean": 0.58, "sd": 0.49355850717012273}, "precision": {"mean": 0.11933333333333332, "sd": 0.1493080335711675}, "recall": {"mean": 0.42, "sd": 0.49355850717012273}, "f1_score": {"mean": 0.1835238095238095, "sd": 0.22351187908185763}, "runtime": {"mean": 0.004423990249633789, "sd": 0.002400917207060604}}