{"tp": {"mean": 0.41, "sd": 0.49183330509431744}, "fp": {"mean": 0.27, "sd": 0.5264028875300744}, "tn": {"mean": 4.73, "sd": 0.5264028875300742}, "fn": {"mean": 0.59, "sd": 0.4918333050943174}, "precision": {"mean": 0.34666666666666673, "sd": 0.44389688492311413}, "recall": {"mean": 0.41, "sd": 0.49183330509431744}, "f1_score": {"mean": 0.36666666666666664, "sd": 0.45276925690687075}, "runtime": {"mean": 35.885735824108124, "sd": 0.5191882470657774}}