{"tp": {"mean": 0.05970149253731343, "sd": 0.23693295322966487}, "fp": {"mean": 0.16417910447761194, "sd": 0.4087481772426612}, "tn": {"mean": 4.835820895522388, "sd": 0.40874817724266127}, "fn": {"mean": 0.9402985074626866, "sd": 0.23693295322966482}, "precision": {"mean": 0.05970149253731343, "sd": 0.23693295322966487}, "recall": {"mean": 0.05970149253731343, "sd": 0.23693295322966487}, "f1_score": {"mean": 0.05970149253731343, "sd": 0.23693295322966487}, "runtime": {"mean": 0.13409187900486277, "sd": 0.025132980792522505}, "duration": {"mean": 12.276119402985074, "sd": 2.3436856770708623}}